"stat_rec","n_total_hauls","n_low_cv_hauls","pct_of_group_in_low_cv_decile","flagged"
"27E9",3,1,33.3,FALSE
"28E8",3,0,0,FALSE
"28E9",8,1,12.5,FALSE
"28F0",24,11,45.8,TRUE
"28F1",1,0,0,FALSE
"29E8",2,2,100,FALSE
"29E9",11,1,9.1,FALSE
"29F0",30,12,40,FALSE
"29F1",23,6,26.1,FALSE
"30E9",3,0,0,FALSE
"30F0",31,4,12.9,FALSE
"30F1",34,8,23.5,TRUE
"31F1",54,3,5.6,FALSE
"31F2",63,10,15.9,FALSE
"31F3",5,0,0,FALSE
"32F1",76,2,2.6,FALSE
"32F2",64,10,15.6,FALSE
"32F3",48,0,0,FALSE
"33F1",62,0,0,FALSE
"33F2",72,3,4.2,FALSE
"33F3",82,19,23.2,FALSE
"33F4",78,4,5.1,FALSE
"34F1",48,0,0,FALSE
"34F2",63,0,0,FALSE
"34F3",84,14,16.7,FALSE
"34F4",89,12,13.5,FALSE
"35F0",47,1,2.1,FALSE
"35F1",57,3,5.3,FALSE
"35F2",65,0,0,FALSE
"35F3",75,1,1.3,FALSE
"35F4",87,6,6.9,FALSE
"35F5",4,0,0,FALSE
"36F0",65,2,3.1,TRUE
"36F1",74,5,6.8,FALSE
"36F2",76,3,3.9,FALSE
"36F3",92,1,1.1,TRUE
"36F4",93,0,0,TRUE
"36F5",104,2,1.9,TRUE
"36F6",91,3,3.3,TRUE
"36F7",78,3,3.8,FALSE
"36F8",3,0,0,FALSE
"37E9",20,1,5,FALSE
"37F0",71,7,9.9,TRUE
"37F1",70,6,8.6,TRUE
"37F2",68,7,10.3,TRUE
"37F3",92,8,8.7,TRUE
"37F4",90,0,0,TRUE
"37F5",95,3,3.2,TRUE
"37F6",94,4,4.3,FALSE
"37F7",105,5,4.8,FALSE
"37F8",72,4,5.6,FALSE
"38E9",61,4,6.6,TRUE
"38F0",70,14,20,TRUE
"38F1",69,8,11.6,TRUE
"38F2",67,2,3,TRUE
"38F3",72,5,6.9,TRUE
"38F4",78,6,7.7,TRUE
"38F5",91,7,7.7,TRUE
"38F6",99,3,3,TRUE
"38F7",111,8,7.2,TRUE
"38F8",40,3,7.5,TRUE
"39E8",59,3,5.1,TRUE
"39E9",65,3,4.6,TRUE
"39F0",68,13,19.1,FALSE
"39F1",77,10,13,FALSE
"39F2",78,7,9,TRUE
"39F3",68,7,10.3,TRUE
"39F4",82,15,18.3,TRUE
"39F5",78,15,19.2,TRUE
"39F6",87,8,9.2,TRUE
"39F7",101,13,12.9,TRUE
"39F8",43,0,0,TRUE
"40E8",61,6,9.8,TRUE
"40E9",67,10,14.9,FALSE
"40F0",69,13,18.8,FALSE
"40F1",74,9,12.2,FALSE
"40F2",72,15,20.8,TRUE
"40F3",77,11,14.3,TRUE
"40F4",79,18,22.8,TRUE
"40F5",66,10,15.2,TRUE
"40F6",70,6,8.6,TRUE
"40F7",74,7,9.5,TRUE
"40G2",8,2,25,FALSE
"41E7",67,9,13.4,FALSE
"41E8",72,5,6.9,FALSE
"41E9",68,9,13.2,FALSE
"41F0",67,12,17.9,FALSE
"41F1",64,9,14.1,FALSE
"41F2",62,8,12.9,FALSE
"41F3",63,13,20.6,FALSE
"41F4",79,19,24.1,TRUE
"41F5",66,6,9.1,TRUE
"41F6",63,4,6.3,TRUE
"41F7",69,9,13,TRUE
"41G0",26,4,15.4,FALSE
"41G1",62,4,6.5,FALSE
"41G2",61,5,8.2,TRUE
"42E7",48,8,16.7,FALSE
"42E8",62,7,11.3,FALSE
"42E9",65,5,7.7,FALSE
"42F0",60,3,5,FALSE
"42F1",59,10,16.9,FALSE
"42F2",67,10,14.9,FALSE
"42F3",66,2,3,FALSE
"42F4",75,9,12,FALSE
"42F5",76,13,17.1,FALSE
"42F6",77,13,16.9,FALSE
"42F7",69,5,7.2,FALSE
"42G1",94,5,5.3,FALSE
"42G2",103,2,1.9,FALSE
"43E8",69,12,17.4,FALSE
"43E9",65,8,12.3,FALSE
"43F0",60,4,6.7,FALSE
"43F1",63,3,4.8,FALSE
"43F2",67,5,7.5,FALSE
"43F3",67,3,4.5,FALSE
"43F4",67,6,9,FALSE
"43F5",62,11,17.7,FALSE
"43F6",64,10,15.6,FALSE
"43F7",62,5,8.1,FALSE
"43F8",61,5,8.2,FALSE
"43F9",2,0,0,FALSE
"43G0",29,3,10.3,FALSE
"43G1",150,4,2.7,FALSE
"43G2",52,4,7.7,FALSE
"44E6",61,19,31.1,FALSE
"44E7",65,27,41.5,FALSE
"44E8",64,3,4.7,FALSE
"44E9",66,4,6.1,FALSE
"44F0",65,4,6.2,FALSE
"44F1",64,5,7.8,FALSE
"44F2",68,5,7.4,FALSE
"44F3",65,5,7.7,TRUE
"44F4",65,6,9.2,FALSE
"44F5",66,7,10.6,FALSE
"44F8",98,5,5.1,FALSE
"44F9",93,13,14,FALSE
"44G0",120,4,3.3,FALSE
"44G1",110,2,1.8,FALSE
"45E6",60,13,21.7,FALSE
"45E7",58,5,8.6,FALSE
"45E8",69,7,10.1,FALSE
"45E9",68,5,7.4,FALSE
"45F0",65,8,12.3,FALSE
"45F1",67,10,14.9,FALSE
"45F2",66,4,6.1,FALSE
"45F3",69,5,7.2,FALSE
"45F4",61,3,4.9,FALSE
"45F9",57,1,1.8,FALSE
"45G0",78,0,0,FALSE
"45G1",94,6,6.4,FALSE
"46E6",18,3,16.7,FALSE
"46E7",57,7,12.3,FALSE
"46E8",68,7,10.3,FALSE
"46E9",67,10,14.9,FALSE
"46F0",69,14,20.3,FALSE
"46F1",68,9,13.2,FALSE
"46F2",70,13,18.6,FALSE
"46F3",65,6,9.2,FALSE
"46G0",94,4,4.3,FALSE
"46G1",6,1,16.7,FALSE
"47E6",16,5,31.2,FALSE
"47E7",59,11,18.6,FALSE
"47E8",62,15,24.2,FALSE
"47E9",63,14,22.2,FALSE
"47F0",65,4,6.2,FALSE
"47F1",66,3,4.5,FALSE
"47F2",60,3,5,FALSE
"47F3",58,3,5.2,FALSE
"48E6",2,0,0,FALSE
"48E7",31,2,6.5,FALSE
"48E8",48,11,22.9,FALSE
"48E9",61,12,19.7,FALSE
"48F0",67,4,6,FALSE
"48F1",65,10,15.4,FALSE
"48F2",60,6,10,FALSE
"48F3",57,6,10.5,FALSE
"49E6",2,0,0,FALSE
"49E7",6,0,0,FALSE
"49E8",39,7,17.9,FALSE
"49E9",45,9,20,FALSE
"49F0",58,4,6.9,FALSE
"49F1",61,5,8.2,FALSE
"49F2",60,2,3.3,FALSE
"49F3",60,11,18.3,FALSE
"50E7",6,1,16.7,FALSE
"50E8",33,1,3,FALSE
"50E9",45,7,15.6,FALSE
"50F0",59,4,6.8,FALSE
"50F1",56,7,12.5,FALSE
"50F2",56,11,19.6,FALSE
"50F3",54,6,11.1,FALSE
"51E8",39,1,2.6,FALSE
"51E9",47,6,12.8,FALSE
"51F0",53,3,5.7,FALSE
"51F1",53,2,3.8,FALSE
"51F2",53,11,20.8,FALSE
