"accepted_name","aphia_id","total_N"
"Clupea harengus",126417,29037552.8519667
"Sprattus sprattus",126425,22266271.2724
"Trisopterus esmarkii",126444,16961216.6696333
"Merlangius merlangus",126438,8716742.40983333
"Melanogrammus aeglefinus",126437,5194217.53999999
"Limanda limanda",127139,4483732.46723334
"Eutrigla gurnardus",150637,1280471.2337
"Hippoglossoides platessoides",127137,1028465.33476667
"Scomber scombrus",127023,867649.6575
"Pleuronectes platessa",127143,400830.6727
"Gadus morhua",126436,238787.2875
"Trisopterus minutus",126446,220814.343166667
"Aphia minuta",126868,193711.361166667
"Trachurus trachurus",126822,135280.859
"Syngnathus",126227,124864.600833333
"Argentina",125885,118302.8328
"Ammodytes marinus",126751,114993.517833333
"Pollachius virens",126441,107021.325233333
"Engraulis encrasicolus",126426,84282.3784333334
"Microstomus kitt",127140,80829.4265666668
"Platichthys flesus",127141,67576.8706666666
"Buglossidium luteum",127153,60574.1322666667
"Echiichthys vipera",150630,49920.2013333333
"Ammodytes",125909,44800.4343
"Trachinus draco",127082,41296.988
"Sardina pilchardus",126421,38517.6766
"Callionymus",125930,36607.3629
"Agonus cataphractus",127190,35973.3026666667
"Callionymus lyra",126792,35580.6183333332
"Ammodytes tobianus",126752,35419.1106666667
"Amblyraja radiata",105865,31973.7741666666
"Gadiculus argenteus",126435,31328.7828333333
"Pomatoschistus",125999,29842.5745
"Micromesistius poutassou",126439,28900.6024333333
"Enchelyopus cimbrius",126450,28664.512
"Gobiidae",125537,28436.9058333333
"Scyliorhinus canicula",105814,27991.1348333333
"Arnoglossus laterna",127126,27507.7422666666
"Merluccius merluccius",126484,26793.9008
"Maurolicus muelleri",127312,23264.7578333333
"Trisopterus luscus",126445,21164.1916666667
"Gasterosteus aculeatus",126505,15529.1213333333
"Myoxocephalus scorpius",127203,15243.2113333333
"Glyptocephalus cynoglossus",127136,12518.8880666667
"Lumpenus lampretaeformis",154675,12426.4145
"Ammodytidae",125516,11080.6523333333
"Hyperoplus lanceolatus",126756,11079.0121666667
"Chelidonichthys cuculus",127259,10913.317
"Solea solea",127160,9989.17266666667
"Mullus surmuletus",126986,9422.06316666666
"Myxine glutinosa",101170,9121.78
"Squalus acanthias",105923,8796.91383333333
"Entelurus aequoreus",127379,8662.733
"Lycodes vahlii",127118,8521.19866666667
"Raja clavata",105883,8236.45150000001
"Lepidorhombus whiffiagonis",127146,6964.55936666667
"Hyperoplus immaculatus",126755,5921.21666666667
"Taurulus bubalis",127204,5630.10833333333
"Lophius piscatorius",126555,4677.74603333334
"Liparis",126160,4224.73116666667
"Alosa",125715,4064.83583333333
"Gaidropsarus vulgaris",126458,3941.46033333333
"Mustelus",105732,3770.88416666667
"Helicolenus dactylopterus",127251,3634.345
"Molva molva",126461,3604.8175
"Cyclopterus lumpus",127214,3537.86183333333
"Leucoraja naevus",105876,3276.2465
"Raja montagui",105887,3244.414
"Pomatoschistus lozanoi",126925,2759.5
"Dicentrarchus labrax",126975,2593.68333333333
"Pollachius pollachius",126440,2524.95216666667
"Atherina presbyter",272030,2389.63333333333
"Phrynorhombus norvegicus",127147,2150.35066666667
"Sebastes viviparus",127255,2056.96916666667
"Osmerus eperlanus",126736,2034.06033333333
"Ciliata",125741,1991.06666666667
"Pholis gunnellus",126996,1754.405
"Scophthalmus rhombus",127150,1589.42783333333
"Spondyliosoma cantharus",127066,1490.48333333333
"Triglidae",125598,1336.9
"Scophthalmus maximus",127149,1329.3095
"Chelidonichthys lucerna",127262,1310.08933333333
"Syngnathidae",125606,1263.23333333333
"Zoarces viviparus",127123,1153.85
"Anarhichas lupus",126758,951.679666666667
"Microchirus variegatus",274304,670.559333333333
"Zeus faber",127427,638.068666666667
"Lycodes gracilis",274100,588.361666666667
"Spinachia spinachia",126508,484.408333333333
"Raja brachyura",367297,471.666666666667
"Callionymidae",125522,425.368333333333
"Chimaera monstrosa",105824,391.119166666667
"Brosme brosme",126447,371.615666666667
"Capros aper",127419,347.101833333333
"Etmopterus spinax",105913,334.397666666667
"Soleidae",125581,319.016666666667
"Lycenchelys sarsii",127101,274.534833333333
"Pomatoschistus norvegicus",126929,261.0005
"Zeugopterus punctatus",127151,257.115666666667
"Lesueurigobius friesii",126904,246.408
"Hippoglossus hippoglossus",127138,240.244833333333
"Gobius",125988,195.910666666667
"Dipturus",105762,189.233333333333
"Chelidonichthys lastoviza",127261,162.516666666667
"Mullus barbatus",126985,145.848
"Sebastes",126175,95
"Anguilla anguilla",126281,90.7666666666667
"Hyperoplus",125911,75
"Crystallogobius linearis",126878,74.0023333333333
"Triglops murrayi",127205,66.8166666666667
"Phycis blennoides",126501,57.1695
"Lophius budegassa",126554,52.857
"Gymnammodytes semisquamatus",126754,45
"Petromyzon marinus",101174,44.5213333333333
"Raja",105766,43
"Leucoraja fullonica",105874,40.0005
"Scyliorhinus stellaris",105815,39.0833333333333
"Ctenolabrus rupestris",126964,39.001
"Buglossidium",126127,39
"Raja undulata",105891,34.8166666666667
"Galeorhinus galeus",105820,31.8338333333333
"Echiodon drummondii",126663,30.0053333333333
"Raniceps raninus",126442,29.8
"Leptoclinus maculatus",127072,27
"Gadiculus",125731,23.5
"Brama brama",126783,20.0005
"Blennius ocellaris",126761,19.6166666666667
"Belone belone",126375,19
"Rajidae",105711,16.4666666666667
"Bothidae",125576,16.1
"Atherina",125659,16
"Labrus bergylta",126965,15
"Conger conger",126285,14.9
"Symphodus melops",273571,14.6166666666667
"Diplecogaster bimaculata",126513,14.5333333333333
"Cottidae",125589,14
"Salmo trutta",127187,14
"Micrenophrys lilljeborgii",127201,13
"Arnoglossus",126109,12.05
"Microchirus",126129,10
"Argentinidae",125508,9
"Leucoraja circularis",105873,9
"Galeus melastomus",105812,8.96666666666667
"Pegusa lascaris",127156,8.06666666666667
"Raja microocellata",105885,7.8
"Arnoglossus imperialis",127124,7
"Gaidropsarus mediterraneus",126457,7
"Lesueurigobius",125992,7
"Zeugopterus regius",236488,7
"Zeidae",125617,6.08333333333333
"Lampetra fluviatilis",101172,6
"Scorpaena scrofa",127248,6
"Coryphaenoides rupestris",158960,5
"Labrus mixtus",151501,5
"Hippocampus hippocampus",127380,4.03333333333333
"Artediellus atlanticus",127193,4
"Gaidropsarus",125743,4
"Gasterosteidae",125476,4
"Pagellus erythrinus",127060,4
"Bathyraja brachyurops",271509,3.03333333333333
"Stichaeidae",125566,3.00233333333333
"Chirolophis ascanii",127071,3
"Gobius paganellus",126893,3
"Rajella lintea",1019159,3
"Trachipterus arcticus",126527,3
"Caproidae",125613,3
"Lycodes",126104,2.00466666666667
"Buenia jeffreysii",126872,2
"Chelon",126030,2
"Lepidorhombus boscii",127145,2
"Molva dypterygia",126459,2
"Phycidae",125475,2
"Salmo salar",127186,2
"Somniosus microcephalus",105919,2
"Sparidae",125564,2
"Triglops",126154,2
"Lepadogaster lepadogaster",126518,2
"Zeugopterus",126125,2
"Symphodus bailloni",273566,1.03333333333333
"Trigla lyra",127266,1.03333333333333
"Gaidropsarus argentatus",126451,1.00233333333333
"Pterycombus brama",126785,1.0005
"Anarhichas minor",126759,1
"Anguilla",125620,1
"Blenniidae",125519,1
"Centrolabrus exoletus",126961,1
"Chelon auratus",1044127,1
"Coelorinchus caelorhincus",398381,1
"Cyclopteridae",125590,1
"Gaidropsarus macrophthalmus",126456,1
"Gobiesocidae",125477,1
"Labrus merula",126967,1
"Lepadogaster",125781,1
"Leptagonus decagonus",127191,1
"Leucoraja lentiginosa",271564,1
"Macroramphosus scolopax",127378,1
"Mugilidae",125546,1
"Nerophis lumbriciformis",127383,1
"Parablennius gattorugine",126770,1
"Scomberesox saurus",126392,1
"Sparus aurata",151523,1
"Thunnus thynnus",127029,1
"Trachyrincus murrayi",126481,1
"Zoarcidae",125575,1
"Acipenser sturio",126279,1
"Chelon labrosus",126977,1
"Diplecogaster",125779,0.8
"Gobius gasteveni",126890,0.8
"Hippocampus",126224,0
