"stat_rec","lon","lat","mean_elevation_m","mean_depth_m","depth_min_m","depth_max_m","depth_range_m","grad_bearing_cross_deg","grad_bearing_along_deg","grad_magnitude_m_per_m","elev_at_centroid_m","pct_sounding","n_cells","n_nonland","n_direct","dist_to_gebco_edge_deg","tid_flag_lt50","tid_flag_lt25"
"31F1",1.4999999998002,51.2499999997502,-5.9921875,5.9921875,-190,63,253,159.122042667356,249.122042667356,0.0131074607824331,-2,99.9953791414445,28800,21641,21640,1.24999999975023,FALSE,FALSE
"31F2",2.50000000004999,51.2499999997502,-15.9149652777778,15.9149652777778,-40,43,83,137.3111393511,227.3111393511,0.0148389914727163,-19,98.697791908018,28800,22961,22662,1.24999999975023,FALSE,FALSE
"32F1",1.4999999998002,51.7499999996503,-14.7013888888889,14.7013888888889,-48,57,105,279.175528314826,9.17552831482618,0.00242654542048123,-17,99.9299084687062,28800,24254,24237,1.7499999996503,FALSE,FALSE
"32F2",2.50000000004999,51.7499999996503,-36.9147222222222,36.9147222222222,9,60,51,105.067411777424,195.067411777424,0.000744235270558287,-36,100,28800,28800,28800,1.7499999996503,FALSE,FALSE
"32F3",3.50000000029982,51.7499999996503,-16.1671180555556,16.1671180555556,-33,42,75,118.298965889449,208.298965889449,0.00326478337391867,-20,97.525867823765,28800,23968,23375,1.7499999996503,FALSE,FALSE
"33F1",1.4999999998002,52.2500000000001,13.190625,-13.190625,-81,43,124,246.739841341644,336.739841341644,0.00247705356796084,40,99.6447602131439,28800,10697,10659,2.25000000000006,FALSE,FALSE
"33F2",2.50000000004999,52.2500000000001,-41.8681597222222,41.8681597222222,23,66,43,155.337165427574,245.337165427574,0.00172223194535002,-43,100,28800,28800,28800,2.25000000000006,FALSE,FALSE
"33F3",3.50000000029982,52.2500000000001,-29.0337152777778,29.0337152777778,18,45,27,328.524311624782,58.5243116247815,0.000229393599590004,-29,100,28800,28800,28800,2.25000000000006,FALSE,FALSE
"33F4",4.50000000009999,52.2500000000001,-6.58704861111111,6.58704861111111,-41,27,68,0,90,0.000195641036668217,2,61.1949652687105,28800,19147,11717,2.25000000000006,FALSE,FALSE
"34F1",1.4999999998002,52.7500000003498,5.90184027777778,-5.90184027777778,-108,47,155,168.592881634864,258.592881634864,0.00121119781794965,1,97.1375807940905,28800,12996,12624,2.75000000034981,FALSE,FALSE
"34F2",2.50000000004999,52.7500000003498,-38.2948958333333,38.2948958333333,6,52,46,292.441723642171,22.4417236421713,0.00155506566615639,-39,100,28800,28800,28800,2.75000000034981,FALSE,FALSE
"34F3",3.50000000029982,52.7500000003498,-29.4879166666667,29.4879166666667,18,44,26,170.188253091392,260.188253091392,0.00140571270105113,-25,100,28800,28800,28800,2.75000000034981,FALSE,FALSE
"34F4",4.50000000009999,52.7500000003498,-13.505625,13.505625,-51,43,94,126.288427754487,216.288427754487,0.00133735661901255,-18,86.6179830652749,28800,22321,19334,2.75000000034981,FALSE,FALSE
"35F0",0.500000000000057,53.2500000002499,-5.48666666666667,5.48666666666667,-121,88,209,233.825413391086,323.825413391086,0.00237406402693559,-13,95.5243093375582,28800,20198,19294,3.25000000024988,FALSE,FALSE
"35F1",1.4999999998002,53.2500000002499,-23.3913541666667,23.3913541666667,3,63,60,236.235948479974,326.235948479974,0.000720377844239858,-26,100,28800,28800,28800,3.25000000024988,FALSE,FALSE
"35F2",2.50000000004999,53.2500000002499,-29.2753472222222,29.2753472222222,5,47,42,0,90,0.00060055105482174,-29,100,28800,28800,28800,3.25000000024988,FALSE,FALSE
"35F3",3.50000000029982,53.2500000002499,-27.3587847222222,27.3587847222222,23,38,15,0,90,0,-25,100,28800,28800,28800,3.25000000024988,FALSE,FALSE
"35F4",4.50000000009999,53.2500000002499,-21.9351388888889,21.9351388888889,-19,34,53,0,90,0,-27,99.8221313957009,28800,26424,26377,3.25000000024988,FALSE,FALSE
"36F0",0.500000000000057,53.75000000015,-27.0859722222222,27.0859722222222,-23,96,119,71.3128043798189,161.312804379819,0.00126440527151693,-29,98.1329673901268,28800,27691,27174,3.75000000014995,FALSE,FALSE
"36F1",1.4999999998002,53.75000000015,-28.4663541666667,28.4663541666667,6,87,81,235.923043081021,325.923043081021,0.000723028400425233,-28,100,28800,28800,28800,3.75000000014995,FALSE,FALSE
"36F2",2.50000000004999,53.75000000015,-32.8871180555556,32.8871180555556,13,72,59,49.7827857166616,139.782785716662,0.000313710054462426,-28,99.9652777777778,28800,28800,28790,3.75000000014995,FALSE,FALSE
"36F3",3.50000000029982,53.75000000015,-37.8926736111111,37.8926736111111,27,64,37,0,90,0,-34,100,28800,28800,28800,3.75000000014995,FALSE,FALSE
"36F4",4.50000000009999,53.75000000015,-35.3600694444444,35.3600694444444,20,44,24,90,180,0.000119774823332136,-38,100,28800,28800,28800,3.75000000014995,FALSE,FALSE
"36F5",5.49999999990013,53.75000000015,-27.9003819444444,27.9003819444444,4,39,35,90,180,0.000598874116660678,-28,100,28800,28800,28800,3.75000000014995,FALSE,FALSE
"36F6",6.49999999970026,53.75000000015,-17.8430555555556,17.8430555555556,-17,33,50,235.923043081021,325.923043081021,0.000723028400425233,-19,99.86520834938,28800,25966,25931,3.50000000029974,FALSE,FALSE
"36F7",7.49999999995009,53.75000000015,-8.67458333333333,8.67458333333333,-24,35,59,358.007888584014,88.0078885840145,0.00344557773223364,1,95.5378693978733,28800,15329,14645,2.50000000004991,FALSE,FALSE
"37E9",-0.499999999800082,54.25000000005,59.535625,-59.535625,-426,61,487,310.140086169878,40.1400861698777,0.0321187498997431,49,99.2190628754506,28800,9988,9910,4.25000000005002,FALSE,FALSE
"37F0",0.500000000000057,54.25000000005,-53.3466666666667,53.3466666666667,22,73,51,243.940084757288,333.940084757288,0.000933308432342048,-60,100,28800,28800,28800,4.25000000005002,FALSE,FALSE
"37F1",1.4999999998002,54.25000000005,-47.4824652777778,47.4824652777778,11,93,82,49.4431373705876,139.443137370588,0.0040988484400219,-49,96.6354166666667,28800,28800,27831,4.25000000005002,FALSE,FALSE
"37F2",2.50000000004999,54.25000000005,-40.5623611111111,40.5623611111111,6,86,80,315.761979933691,45.761979933691,0.00171685550853286,-37,83.4861111111111,28800,28800,24044,4.25000000005002,FALSE,FALSE
"37F3",3.50000000029982,54.25000000005,-41.8711458333333,41.8711458333333,28,52,24,237.764945290303,327.764945290303,0.00269040131379112,-43,100,28800,28800,28800,4.25000000005002,FALSE,FALSE
"37F4",4.50000000009999,54.25000000005,-45.6185416666667,45.6185416666667,40,49,9,0,90,0,-47,100,28800,28800,28800,4.25000000005002,FALSE,FALSE
"37F5",5.49999999990013,54.25000000005,-39.4554513888889,39.4554513888889,31,45,14,0,90,0,-39,100,28800,28800,28800,4.25000000005002,FALSE,FALSE
"37F6",6.49999999970026,54.25000000005,-35.2893402777778,35.2893402777778,26,41,15,0,90,0,-36,100,28800,28800,28800,3.50000000029974,FALSE,FALSE
"37F7",7.49999999995009,54.25000000005,-31.7365277777778,31.7365277777778,-19,55,74,90,180,0.000359324469996407,-40,100,28800,28776,28776,2.50000000004991,FALSE,FALSE
"37F8",8.50000000019992,54.25000000005,-6.70875,6.70875,-19,35,54,138.769501758402,228.769501758402,0.00109036562255236,-6,97.790294627383,28800,18464,18056,1.49999999980008,FALSE,FALSE
"38E9",-0.499999999800082,54.7499999999501,-52.6720833333333,52.6720833333333,-295,94,389,8.21033308826226,98.2103330882623,0.000838715604618873,-60,99.97113997114,28800,27720,27712,4.50000000019992,FALSE,FALSE
"38F0",0.500000000000057,54.7499999999501,-68.3485069444444,68.3485069444444,48,90,42,174.925924568301,264.925924568301,0.00270850145820903,-74,73.1388888888889,28800,28800,21064,4.74999999995009,FALSE,FALSE
"38F1",1.4999999998002,54.7499999999501,-30.4215625,30.4215625,11,68,57,209.991186590029,299.991186590029,0.000718840468652198,-19,81.7152777777778,28800,28800,23534,4.74999999995009,FALSE,FALSE
"38F2",2.50000000004999,54.7499999999501,-22.1061458333333,22.1061458333333,7,35,28,201.044901443413,291.044901443413,0.000667084385854511,-24,75.75,28800,28800,21816,4.74999999995009,FALSE,FALSE
"38F3",3.50000000029982,54.7499999999501,-39.9851736111111,39.9851736111111,20,47,27,0,90,0,-43,99.9861111111111,28800,28800,28796,4.74999999995009,FALSE,FALSE
"38F4",4.50000000009999,54.7499999999501,-45.76,45.76,39,50,11,229.096531732109,319.096531732109,0.00095082797791541,-46,100,28800,28800,28800,4.74999999995009,FALSE,FALSE
"38F5",5.49999999990013,54.7499999999501,-41.6471875,41.6471875,36,46,10,270,0,0.000359324469996407,-43,100,28800,28800,28800,4.50000000009988,FALSE,FALSE
"38F6",6.49999999970026,54.7499999999501,-39.0881597222222,39.0881597222222,27,45,18,0,90,0,-40,100,28800,28800,28800,3.50000000029974,FALSE,FALSE
"38F7",7.49999999995009,54.7499999999501,-23.3574652777778,23.3574652777778,8,40,32,354.50557385669,84.5055738566903,0.00125092613164803,-22,100,28800,28800,28800,2.50000000004991,FALSE,FALSE
"38F8",8.50000000019992,54.7499999999501,-2.38951388888889,2.38951388888889,-47,27,74,214.705475691608,304.705475691608,0.0012622090558674,1,89.7364984251364,28800,13017,11681,1.49999999980008,FALSE,FALSE
"39E8",-1.50000000004991,55.2499999998502,16.3248958333333,-16.3248958333333,-416,105,521,10.7579074128497,100.75790741285,0.0147585262326944,-27,99.8508527332858,28800,15421,15398,3.49999999995009,FALSE,FALSE
"39E9",-0.499999999800082,55.2499999998502,-75.3679166666667,75.3679166666667,58,110,52,232.055334244064,322.055334244064,0.00136693712411007,-68,100,28800,28800,28800,4.50000000019992,FALSE,FALSE
"39F0",0.500000000000057,55.2499999998502,-74.2049652777778,74.2049652777778,48,99,51,114.781973912972,204.781973912972,0.00501310294829905,-84,46.9618055555556,28800,28800,13525,5.24999999985016,TRUE,FALSE
"39F1",1.4999999998002,55.2499999998502,-50.6457638888889,50.6457638888889,21,88,67,122.202032620137,212.202032620137,0.0055203973028606,-49,87.6180555555556,28800,28800,25234,5.24999999985016,FALSE,FALSE
"39F2",2.50000000004999,55.2499999998502,-34.0064930555556,34.0064930555556,22,65,43,126.93891904356,216.93891904356,0.00104897820425898,-33,99.8298611111111,28800,28800,28751,5.24999999985016,FALSE,FALSE
"39F3",3.50000000029982,55.2499999998502,-32.2019097222222,32.2019097222222,21,47,26,0,90,0,-27,99.7604166666667,28800,28800,28731,5.24999999985016,FALSE,FALSE
"39F4",4.50000000009999,55.2499999998502,-42.8583333333333,42.8583333333333,28,49,21,319.469718212364,49.469718212364,0.00110586921811728,-47,99.0208333333333,28800,28800,28518,5.24999999985016,FALSE,FALSE
"39F5",5.49999999990013,55.2499999998502,-43.3691666666667,43.3691666666667,38,55,17,0,90,0,-43,99.3715277777778,28800,28800,28619,4.50000000009988,FALSE,FALSE
"39F6",6.49999999970026,55.2499999998502,-39.6336805555556,39.6336805555556,20,53,33,19.9369848714171,109.936984871417,0.00245881847101329,-40,95.7256944444444,28800,28800,27569,3.50000000029974,FALSE,FALSE
"39F7",7.49999999995009,55.2499999998502,-23.2359027777778,23.2359027777778,2,37,35,0,90,0.00126079477489784,-20,98.6631944444444,28800,28800,28415,2.50000000004991,FALSE,FALSE
"39F8",8.50000000019992,55.2499999998502,0.643923611111111,-0.643923611111111,-69,31,100,212.347296402101,302.347296402101,0.00223857289927004,-1,98.8450215143051,28800,13247,13094,1.49999999980008,FALSE,FALSE
"40E8",-1.50000000004991,55.7499999997502,-48.3875694444444,48.3875694444444,-277,111,388,277.782850669066,7.78285066906557,0.00471464747445248,-63,99.6382367976092,28800,25431,25339,3.49999999995009,FALSE,FALSE
"40E9",-0.499999999800082,55.7499999997502,-75.0743055555556,75.0743055555556,54,109,55,94.836289524249,184.836289524249,0.00252425850800567,-71,99.9861111111111,28800,28800,28796,4.50000000019992,FALSE,FALSE
"40F0",0.500000000000057,55.7499999997502,-75.3868402777778,75.3868402777778,48,163,115,128.925833458877,218.925833458877,0.00338712316368665,-75,52.5416666666667,28800,28800,15132,5.50000000000006,FALSE,FALSE
"40F1",1.4999999998002,55.7499999997502,-76.8026736111111,76.8026736111111,52,97,45,174.641288495163,264.641288495163,0.00128251109887068,-78,57.6944444444444,28800,28800,16616,5.74999999975023,FALSE,FALSE
"40F2",2.50000000004999,55.7499999997502,-72.4866666666667,72.4866666666667,33,89,56,173.242798738576,263.242798738576,0.00407181956748546,-78,72.03125,28800,28800,20745,5.74999999975023,FALSE,FALSE
"40F3",3.50000000029982,55.7499999997502,-50.5152777777778,50.5152777777778,31,79,48,150.628976394284,240.628976394284,0.000732622858190867,-52,92.8298611111111,28800,28800,26735,5.74999999975023,FALSE,FALSE
"40F4",4.50000000009999,55.7499999997502,-39.8636805555556,39.8636805555556,27,72,45,78.832063526543,168.832063526543,0.00109878024450345,-38,98.1597222222222,28800,28800,28270,5.49999999990001,FALSE,FALSE
"40F5",5.49999999990013,55.7499999997502,-47.3128819444444,47.3128819444444,29,55,26,344.283267300002,74.2832673000019,0.000442166733906318,-51,100,28800,28800,28800,4.50000000009988,FALSE,FALSE
"40F6",6.49999999970026,55.7499999997502,-37.9689583333333,37.9689583333333,25,53,28,144.873377504024,234.873377504024,0.00104082268263266,-39,100,28800,28800,28800,3.50000000029974,FALSE,FALSE
"40F7",7.49999999995009,55.7499999997502,-20.7076041666667,20.7076041666667,0,44,44,213.289132830799,303.289132830799,0.00152756116647753,-19,100,28800,28796,28796,2.50000000004991,FALSE,FALSE
"41E7",-2.50000000029974,56.2499999996503,-21.5384375,21.5384375,-241,71,312,9.70064335344065,99.7006433534406,0.0028433116943185,-43,97.596051567885,28800,23503,22938,2.49999999970027,FALSE,FALSE
"41E8",-1.50000000004991,56.2499999996503,-56.8048958333333,56.8048958333333,35,91,56,311.986459827026,41.9864598270261,0.00257821822768674,-56,100,28800,28800,28800,3.49999999995009,FALSE,FALSE
"41E9",-0.499999999800082,56.2499999996503,-73.2546875,73.2546875,54,140,86,187.907368963324,277.907368963324,0.00174126825529744,-74,93.5763888888889,28800,28800,26950,4.50000000019992,FALSE,FALSE
"41F0",0.500000000000057,56.2499999996503,-84.1390972222222,84.1390972222222,69,212,143,40.5801905690038,130.580190569004,0.00681258873716277,-84,63.40625,28800,28800,18261,5.50000000000006,FALSE,FALSE
"41F1",1.4999999998002,56.2499999996503,-85.5475,85.5475,73,103,30,354.052980959193,84.0529809591927,0.0034680885930865,-82,48.9409722222222,28800,28800,14095,6.2499999996503,TRUE,FALSE
"41F2",2.50000000004999,56.2499999996503,-76.1957638888889,76.1957638888889,52,91,39,270,0,0.00191639717331417,-76,48.7048611111111,28800,28800,14027,6.2499999996503,TRUE,FALSE
"41F3",3.50000000029982,56.2499999996503,-68.125625,68.125625,52,84,32,318.365709030597,48.3657090305968,0.00288451715637151,-68,55.4375,28800,28800,15966,6.2499999996503,FALSE,FALSE
"41F4",4.50000000009999,56.2499999996503,-58.6738888888889,58.6738888888889,40,74,34,90,180,0.000718648939992813,-59,88.0659722222222,28800,28800,25363,5.49999999990001,FALSE,FALSE
"41F5",5.49999999990013,56.2499999996503,-49.5156944444444,49.5156944444444,32,65,33,258.690358619097,348.690358619097,0.00109932037352127,-56,100,28800,28800,28800,4.50000000009988,FALSE,FALSE
"41F6",6.49999999970026,56.2499999996503,-38.5237152777778,38.5237152777778,24,49,25,209.055246713184,299.055246713184,0.00073987943186343,-38,100,28800,28800,28800,3.50000000029974,FALSE,FALSE
"41F7",7.49999999995009,56.2499999996503,-28.9010416666667,28.9010416666667,13,39,26,0,90,0,-33,100,28800,28800,28800,2.50000000004991,FALSE,FALSE
"42E7",-2.50000000029974,56.7500000000001,104.600694444444,-104.600694444444,-875,94,969,328.731804425077,58.7318044250765,0.023768292253071,81,93.9635841779532,28800,11149,10476,2.49999999970027,FALSE,FALSE
"42E8",-1.50000000004991,56.7500000000001,-63.7817708333333,63.7817708333333,33,133,100,110.04036752855,200.04036752855,0.00127494430223692,-55,100,28800,28800,28800,3.49999999995009,FALSE,FALSE
"42E9",-0.499999999800082,56.7500000000001,-72.2890277777778,72.2890277777778,59,148,89,145.574565116335,235.574565116335,0.00105932940161877,-72,89.2083333333333,28800,28800,25692,4.50000000019992,FALSE,FALSE
"42F0",0.500000000000057,56.7500000000001,-90.6767013888889,90.6767013888889,69,243,174,170.526239629891,260.526239629891,0.00509383135460663,-83,72.3888888888889,28800,28800,20848,5.50000000000006,FALSE,FALSE
"42F1",1.4999999998002,56.7500000000001,-91.7795833333333,91.7795833333333,78,152,74,49.910231261653,139.910231261653,0.00203529228708189,-95,54.3993055555556,28800,28800,15667,6.4999999998002,FALSE,FALSE
"42F2",2.50000000004999,56.7500000000001,-73.465,73.465,24,95,71,0,90,0,-70,43.2673611111111,28800,28800,12461,6.75000000000006,TRUE,FALSE
"42F3",3.50000000029982,56.7500000000001,-63.6653125,63.6653125,38,92,54,134.207596878781,224.207596878781,0.00250638507866738,-60,38.2430555555556,28800,28800,11014,6.49999999970018,TRUE,FALSE
"42F4",4.50000000009999,56.7500000000001,-59.8383680555555,59.8383680555555,44,78,34,53.8878788868479,143.887878886848,0.000741304492761293,-56,70.3576388888889,28800,28800,20263,5.49999999990001,FALSE,FALSE
"42F5",5.49999999990013,56.7500000000001,-55.7939236111111,55.7939236111111,32,90,58,132.362337966134,222.362337966134,0.000324198348333963,-55,92.5138888888889,28800,28800,26644,4.50000000009988,FALSE,FALSE
"42F6",6.49999999970026,56.7500000000001,-42.3773263888889,42.3773263888889,25,75,50,216.16895601992,306.16895601992,0.000811801056587969,-44,98.9548611111111,28800,28800,28499,3.50000000029974,FALSE,FALSE
"42F7",7.49999999995009,56.7500000000001,-29.3489930555556,29.3489930555556,14,50,36,316.183659072242,46.183659072242,0.00121098430230778,-27,100,28800,28800,28800,2.50000000004991,FALSE,FALSE
"43E8",-1.50000000004991,57.2500000003498,-67.8601388888889,67.8601388888889,-137,140,277,119.630100901078,209.630100901078,0.00358262643329652,-73,99.1406852484301,28800,27231,26997,3.49999999995009,FALSE,FALSE
"43E9",-0.499999999800082,57.2500000003498,-75.7569097222222,75.7569097222222,57,101,44,319.418526984587,49.4185269845865,0.00349826495970864,-74,98.875,28800,28800,28476,4.50000000019992,FALSE,FALSE
"43F0",0.500000000000057,57.2500000003498,-83.7032291666667,83.7032291666667,60,125,65,16.9249075704094,106.924907570409,0.00370287305483014,-81,62.6631944444444,28800,28800,18047,5.50000000000006,FALSE,FALSE
"43F1",1.4999999998002,57.2500000003498,-90.9011458333333,90.9011458333333,77,115,38,245.953880381228,335.953880381228,0.00380355049543567,-95,55.8993055555556,28800,28800,16099,6.4999999998002,FALSE,FALSE
"43F2",2.50000000004999,57.2500000003498,-77.1101041666667,77.1101041666667,62,96,34,322.861013280046,52.8610132800457,0.00138869231267594,-88,50.7916666666667,28800,28800,14628,7.25000000034981,FALSE,FALSE
"43F3",3.50000000029982,57.2500000003498,-63.4958680555556,63.4958680555556,51,76,25,285.875067460993,15.8750674609925,0.00161881355090623,-61,40.875,28800,28800,11772,6.49999999970018,TRUE,FALSE
"43F4",4.50000000009999,57.2500000003498,-64.8782986111111,64.8782986111111,45,94,49,203.401975433636,293.401975433636,0.00120625373170208,-60,76.8888888888889,28800,28800,22144,5.49999999990001,FALSE,FALSE
"43F5",5.49999999990013,57.2500000003498,-64.8989583333333,64.8989583333333,38,95,57,120.462518656903,210.462518656903,0.00305703637641322,-56,96.9583333333333,28800,28800,27924,4.50000000009988,FALSE,FALSE
"43F6",6.49999999970026,57.2500000003498,-75.445625,75.445625,30,192,162,72.8766667222085,162.876666722209,0.000751981898883135,-69,90.1979166666667,28800,28800,25977,3.50000000029974,FALSE,FALSE
"43F7",7.49999999995009,57.2500000003498,-70.7616319444444,70.7616319444444,18,218,200,78.3933942222431,168.393394222243,0.00110047587431024,-56,99.5590277777778,28800,28800,28673,2.50000000004991,FALSE,FALSE
"44E6",-3.50000000009987,57.7500000002499,13.6814583333333,-13.6814583333333,-438,100,538,123.793999360494,213.793999360494,0.00807105326382725,-62,94.6213191350646,28800,18406,17416,1.49999999990013,FALSE,FALSE
"44E7",-2.50000000029974,57.7500000002499,-2.88520833333333,2.88520833333333,-387,233,620,25.4940008959614,115.494000895961,0.0116876131083427,-112,99.983579638752,28800,18270,18267,2.49999999970027,FALSE,FALSE
"44E8",-1.50000000004991,57.7500000002499,-78.5356597222222,78.5356597222222,-91,219,310,16.9576475116413,106.957647511641,0.00657054814052239,-74,99.587218516198,28800,27133,27021,3.49999999995009,FALSE,FALSE
"44E9",-0.499999999800082,57.7500000002499,-102.919409722222,102.919409722222,80,126,46,160.417339759573,250.417339759573,0.00142943688911273,-108,99.4340277777778,28800,28800,28637,4.50000000019992,FALSE,FALSE
"44F0",0.500000000000057,57.7500000002499,-112.989895833333,112.989895833333,79,152,73,146.60829247489,236.60829247489,0.00457022988543709,-101,89.4409722222222,28800,28800,25759,5.50000000000006,FALSE,FALSE
"44F1",1.4999999998002,57.7500000002499,-92.0696875,92.0696875,78,137,59,0,90,0.000673378364496583,-91,74.6493055555556,28800,28800,21499,6.4999999998002,FALSE,FALSE
"44F2",2.50000000004999,57.7500000002499,-73.2134027777778,73.2134027777778,57,89,32,267.382968359577,357.382968359577,0.00491589483271339,-72,71.2361111111111,28800,28800,20516,7.24999999975012,FALSE,FALSE
"44F3",3.50000000029982,57.7500000002499,-72.0505555555556,72.0505555555556,53,100,47,212.236979479611,302.236979479611,0.00291902433595692,-63,78.6944444444444,28800,28800,22664,6.49999999970018,FALSE,FALSE
"44F4",4.50000000009999,57.7500000002499,-86.7111805555556,86.7111805555556,61,123,62,138.3514646525,228.3514646525,0.000901159602611102,-86,97.2465277777778,28800,28800,28007,5.49999999990001,FALSE,FALSE
"44F5",5.49999999990013,57.7500000002499,-135.757013888889,135.757013888889,72,303,231,267.020106997506,357.020106997506,0.00431773190566114,-121,100,28800,28800,28800,4.50000000009988,FALSE,FALSE
"45E6",-3.50000000009987,58.25000000015,85.8435069444444,-85.8435069444444,-594,80,674,16.2810415027687,106.281041502769,0.0495592075842136,181,96.8462549277267,28800,11415,11055,1.49999999990013,FALSE,FALSE
"45E7",-2.50000000029974,58.25000000015,-63.2276736111111,63.2276736111111,35,136,101,23.6780085382007,113.678008538201,0.00149123417008975,-53,100,28800,28800,28800,2.49999999970027,FALSE,FALSE
"45E8",-1.50000000004991,58.25000000015,-96.7094791666667,96.7094791666667,53,147,94,188.47071295849,278.47071295849,0.012196709971193,-139,99.6770833333333,28800,28800,28707,3.49999999995009,FALSE,FALSE
"45E9",-0.499999999800082,58.25000000015,-116.955243055556,116.955243055556,87,141,54,337.170311998713,67.1703119987131,0.00123481363128402,-110,99.8020833333333,28800,28800,28743,4.50000000019992,FALSE,FALSE
"45F0",0.500000000000057,58.25000000015,-144.229861111111,144.229861111111,120,157,37,318.748486157755,48.7484861577551,0.000908257944207149,-147,97.34375,28800,28800,28035,5.50000000000006,FALSE,FALSE
"45F1",1.4999999998002,58.25000000015,-112.144722222222,112.144722222222,77,152,75,57.6475431912494,147.647543191249,0.000425350699521789,-102,88.7395833333333,28800,28800,25557,6.4999999998002,FALSE,FALSE
"45F2",2.50000000004999,58.25000000015,-77.2004166666667,77.2004166666667,57,109,52,0,90,0,-69,81.4340277777778,28800,28800,23453,6.74999999985005,FALSE,FALSE
"45F3",3.50000000029982,58.25000000015,-103.925520833333,103.925520833333,61,251,190,32.5775220293349,122.577522029335,0.00378161187823923,-103,94.09375,28800,28800,27099,6.49999999970018,FALSE,FALSE
"45F4",4.50000000009999,58.25000000015,-210.945034722222,210.945034722222,84,310,226,65.5336273645174,155.533627364517,0.00934296902189225,-251,100,28800,28800,28800,5.49999999990001,FALSE,FALSE
"46E6",-3.50000000009987,58.75000000005,-27.2638194444444,27.2638194444444,-429,117,546,320.306064422877,50.3060644228771,0.00450079391270233,-88,97.7021696252466,28800,20280,19814,1.49999999990013,FALSE,FALSE
"46E7",-2.50000000029974,58.75000000005,-62.7853472222222,62.7853472222222,-100,109,209,72.1893079165513,162.189307916551,0.000754825991208135,-73,96.6374215337176,28800,27241,26325,2.49999999970027,FALSE,FALSE
"46E8",-1.50000000004991,58.75000000005,-103.778368055556,103.778368055556,75,192,117,72.1893079165513,162.189307916551,0.000754825991208135,-110,99.9409722222222,28800,28800,28783,3.49999999995009,FALSE,FALSE
"46E9",-0.499999999800082,58.75000000005,-127.463888888889,127.463888888889,93,235,142,61.1562322003132,151.156232200313,0.001914344085174,-123,99.9826388888889,28800,28800,28795,4.50000000019992,FALSE,FALSE
"46F0",0.500000000000057,58.75000000005,-136.356701388889,136.356701388889,96,169,73,5.29266537976881,95.2926653797688,0.00649234449172538,-131,98.8055555555556,28800,28800,28456,5.50000000000006,FALSE,FALSE
"46F1",1.4999999998002,58.75000000005,-113.395034722222,113.395034722222,83,142,59,232.365988428226,322.365988428226,0.00151244718229538,-104,89.8194444444444,28800,28800,25868,6.24999999994998,FALSE,FALSE
"46F2",2.50000000004999,58.75000000005,-107.809097222222,107.809097222222,82,138,56,57.2775732783886,147.277573278389,0.000854213211765653,-106,93.1493055555556,28800,28800,26827,6.24999999994998,FALSE,FALSE
"46F3",3.50000000029982,58.75000000005,-172.024166666667,172.024166666667,95,290,195,2.47541849255295,92.475418492553,0.00277315828029764,-121,99.8125,28800,28800,28746,6.24999999994998,FALSE,FALSE
"47E6",-3.50000000009987,59.2499999999501,-85.0348263888889,85.0348263888889,-229,212,441,11.1253210934652,101.125321093465,0.0062073768763582,-91,99.0271772699197,28800,25904,25652,1.49999999990013,FALSE,FALSE
"47E7",-2.50000000029974,59.2499999999501,-47.4394791666667,47.4394791666667,-194,110,304,339.019688949897,69.019688949897,0.00903210803535117,-5,92.970698834655,28800,26859,24971,2.49999999970027,FALSE,FALSE
"47E8",-1.50000000004991,59.2499999999501,-99.8775694444444,99.8775694444444,42,174,132,180,270,0.00210832776609303,-98,99.9583333333333,28800,28800,28788,3.49999999995009,FALSE,FALSE
"47E9",-0.499999999800082,59.2499999999501,-132.346666666667,132.346666666667,101,276,175,314.360205972918,44.3602059729183,0.00067010788369878,-136,99.9236111111111,28800,28800,28778,4.50000000019992,FALSE,FALSE
"47F0",0.500000000000057,59.2499999999501,-128.367395833333,128.367395833333,84,194,110,314.360205972918,44.3602059729183,0.00469075518589146,-130,96.0694444444444,28800,28800,27668,5.50000000000006,FALSE,FALSE
"47F1",1.4999999998002,59.2499999999501,-113.372430555556,113.372430555556,96,164,68,248.636298038191,338.636298038191,0.000643060897845565,-110,94.6840277777778,28800,28800,27269,5.75000000004991,FALSE,FALSE
"47F2",2.50000000004999,59.2499999999501,-120.940034722222,120.940034722222,100,144,44,36.145090720918,126.145090720918,0.00203065980811274,-125,95.1666666666667,28800,28800,27408,5.75000000004991,FALSE,FALSE
"47F3",3.50000000029982,59.2499999999501,-210.641006944444,210.641006944444,116,293,177,11.1253210934652,101.125321093465,0.0062073768763582,-217,99.9861111111111,28800,28800,28796,5.75000000004991,FALSE,FALSE
"48E7",-2.50000000029974,59.7499999998502,-87.4747569444445,87.4747569444445,66,121,55,123.491506255843,213.491506255843,0.00129258422732405,-89,99.8993055555556,28800,28800,28771,2.49999999970027,FALSE,FALSE
"48E8",-1.50000000004991,59.7499999998502,-94.4284722222222,94.4284722222222,-246,136,382,130.388532353193,220.388532353193,0.00330231971058525,-76,98.9091297992942,28800,28051,27745,3.49999999995009,FALSE,FALSE
"48E9",-0.499999999800082,59.7499999998502,-127.529097222222,127.529097222222,100,150,50,90,180,0.000359324469996407,-136,99.8159722222222,28800,28800,28747,4.50000000019992,FALSE,FALSE
"48F0",0.500000000000057,59.7499999998502,-123.481145833333,123.481145833333,81,151,70,341.435409477357,71.4354094773569,0.000752417002266761,-132,93.5104166666667,28800,28800,26931,5.25000000014984,FALSE,FALSE
"48F1",1.4999999998002,59.7499999998502,-112.698368055556,112.698368055556,88,138,50,9.53243747720671,99.5324374772067,0.000723251906590896,-114,91.4965277777778,28800,28800,26351,5.25000000014984,FALSE,FALSE
"48F2",2.50000000004999,59.7499999998502,-114.242534722222,114.242534722222,93,128,35,303.491506255843,33.4915062558429,0.000430861409108016,-115,98.9027777777778,28800,28800,28484,5.25000000014984,FALSE,FALSE
"48F3",3.50000000029982,59.7499999998502,-226.962430555556,226.962430555556,105,288,183,31.6215938181175,121.621593818118,0.00251288535623129,-255,100,28800,28800,28800,5.25000000014984,FALSE,FALSE
"49E8",-1.50000000004991,60.2499999997502,-32.9602083333333,32.9602083333333,-283,170,453,170.45927801371,260.45927801371,0.0303504470635117,18,97.6125068677888,28800,20021,19543,3.49999999995009,FALSE,FALSE
"49E9",-0.499999999800082,60.2499999997502,-108.625729166667,108.625729166667,-73,153,226,287.225441637933,17.2254416379325,0.0114113422969645,-104,97.9000244183207,28800,28667,28065,4.50000000019992,FALSE,FALSE
"49F0",0.500000000000057,60.2499999997502,-139.574791666667,139.574791666667,102,179,77,259.618284536656,349.618284536656,0.00133945117300703,-128,93.5590277777778,28800,28800,26945,4.75000000024977,FALSE,FALSE
"49F1",1.4999999998002,60.2499999997502,-119.799270833333,119.799270833333,89,165,76,243.26047044089,333.26047044089,0.00214587445270874,-110,96.7534722222222,28800,28800,27865,4.75000000024977,FALSE,FALSE
"49F2",2.50000000004999,60.2499999997502,-104.773159722222,104.773159722222,84,121,37,189.392001363077,279.392001363077,0.00293586912190946,-104,99.1111111111111,28800,28800,28544,4.75000000024977,FALSE,FALSE
"49F3",3.50000000029982,60.2499999997502,-250.5075,250.5075,114,308,194,61.2062122856225,151.206212285623,0.00150340578864146,-291,100,28800,28800,28800,4.75000000024977,FALSE,FALSE
"50E8",-1.50000000004991,60.7499999996503,-87.6660069444444,87.6660069444444,-447,246,693,81.379703381392,171.379703381392,0.00654174022808096,-104,99.1499862901014,28800,25529,25312,3.49999999995009,FALSE,FALSE
"50E9",-0.499999999800082,60.7499999996503,-100.087673611111,100.087673611111,-265,172,437,331.667862494698,61.6678624946981,0.00807614775947891,-111,98.7895066043637,28800,27179,26850,4.2500000003497,FALSE,FALSE
"50F0",0.500000000000057,60.7499999996503,-137.926041666667,137.926041666667,104,168,64,0,90,0.000735384464440501,-142,98.6631944444444,28800,28800,28415,4.2500000003497,FALSE,FALSE
"50F1",1.4999999998002,60.7499999996503,-135.360069444444,135.360069444444,99,160,61,247.739978793154,337.739978793154,0.00258839879427689,-145,97.9930555555556,28800,28800,28222,4.2500000003497,FALSE,FALSE
"50F2",2.50000000004999,60.7499999996503,-134.779513888889,134.779513888889,88,306,218,166.270967124565,256.270967124565,0.000504675398086066,-124,99.9166666666667,28800,28800,28776,4.2500000003497,FALSE,FALSE
"50F3",3.50000000029982,60.7499999996503,-305.0075,305.0075,121,368,247,135.659429540826,225.659429540826,0.00239919161999686,-321,99.96875,28800,28800,28791,4.2500000003497,FALSE,FALSE
"51E8",-1.50000000004991,61.2500000000001,-321.985034722222,321.985034722222,119,1122,1003,140.015219169153,230.015219169153,0.012674897964272,-241,94.2916666666667,28800,28800,27156,3.49999999995009,FALSE,FALSE
"51E9",-0.499999999800082,61.2500000000001,-161.486493055556,161.486493055556,111,208,97,77.6555852042515,167.655585204251,0.00232958122804183,-164,99.7604166666667,28800,28800,28731,3.74999999999994,FALSE,FALSE
"51F0",0.500000000000057,61.2500000000001,-161.820694444444,161.820694444444,123,193,70,180,270,0.000249017921148611,-166,99.5138888888889,28800,28800,28660,3.74999999999994,FALSE,FALSE
"51F1",1.4999999998002,61.2500000000001,-156.336215277778,156.336215277778,130,311,181,180,270,0.000498035842297223,-148,99.1180555555556,28800,28800,28546,3.74999999999994,FALSE,FALSE
"51F2",2.50000000004999,61.2500000000001,-280.692638888889,280.692638888889,124,395,271,35.3759342289512,125.375934228951,0.00641349288054718,-292,98.3472222222222,28800,28800,28324,3.74999999999994,FALSE,FALSE
