"stat_rec","lon","lat","bearing_resid","n_local_pairs_resid","bearing_blup","n_local_pairs_blup","bearing_depth_cross","bearing_depth","pct_sounding","tid_flag_lt50","tid_flag_lt25"
"31F1",1.4999999998002,51.2499999997502,45,36,45,36,159.122042667356,249.122042667356,99.9953791414445,FALSE,FALSE
"31F2",2.50000000004999,51.2499999997502,45,39,45,39,137.3111393511,227.3111393511,98.697791908018,FALSE,FALSE
"32F1",1.4999999998002,51.7499999996503,0,46,0,46,279.175528314826,9.17552831482618,99.9299084687062,FALSE,FALSE
"32F2",2.50000000004999,51.7499999996503,45,48,45,48,105.067411777424,195.067411777424,100,FALSE,FALSE
"32F3",3.50000000029982,51.7499999996503,0,51,0,51,118.298965889449,208.298965889449,97.525867823765,FALSE,FALSE
"33F1",1.4999999998002,52.2500000000001,0,58,0,58,246.739841341644,336.739841341644,99.6447602131439,FALSE,FALSE
"33F2",2.50000000004999,52.2500000000001,0,61,0,61,155.337165427574,245.337165427574,100,FALSE,FALSE
"33F3",3.50000000029982,52.2500000000001,45,62,45,62,328.524311624782,58.5243116247815,100,FALSE,FALSE
"33F4",4.50000000009999,52.2500000000001,45,62,135,62,0,90,61.1949652687105,FALSE,FALSE
"34F1",1.4999999998002,52.7500000003498,135,67,135,67,168.592881634864,258.592881634864,97.1375807940905,FALSE,FALSE
"34F2",2.50000000004999,52.7500000003498,135,71,135,71,292.441723642171,22.4417236421713,100,FALSE,FALSE
"34F3",3.50000000029982,52.7500000003498,135,72,135,72,170.188253091392,260.188253091392,100,FALSE,FALSE
"34F4",4.50000000009999,52.7500000003498,135,70,135,70,126.288427754487,216.288427754487,86.6179830652749,FALSE,FALSE
"35F0",0.500000000000057,53.2500000002499,135,73,135,73,233.825413391086,323.825413391086,95.5243093375582,FALSE,FALSE
"35F1",1.4999999998002,53.2500000002499,135,77,135,77,236.235948479974,326.235948479974,100,FALSE,FALSE
"35F2",2.50000000004999,53.2500000002499,90,80,135,80,0,90,100,FALSE,FALSE
"35F3",3.50000000029982,53.2500000002499,90,80,135,80,0,90,100,FALSE,FALSE
"35F4",4.50000000009999,53.2500000002499,135,78,135,78,0,90,99.8221313957009,FALSE,FALSE
"36F0",0.500000000000057,53.75000000015,0,82,0,82,71.3128043798189,161.312804379819,98.1329673901268,FALSE,FALSE
"36F1",1.4999999998002,53.75000000015,135,89,135,89,235.923043081021,325.923043081021,100,FALSE,FALSE
"36F2",2.50000000004999,53.75000000015,0,91,0,91,49.7827857166616,139.782785716662,99.9652777777778,FALSE,FALSE
"36F3",3.50000000029982,53.75000000015,135,90,135,90,0,90,100,FALSE,FALSE
"36F4",4.50000000009999,53.75000000015,135,88,135,88,90,180,100,FALSE,FALSE
"36F5",5.49999999990013,53.75000000015,135,84,135,84,90,180,100,FALSE,FALSE
"36F6",6.49999999970026,53.75000000015,90,79,90,79,235.923043081021,325.923043081021,99.86520834938,FALSE,FALSE
"36F7",7.49999999995009,53.75000000015,135,71,90,71,358.007888584014,88.0078885840145,95.5378693978733,FALSE,FALSE
"37E9",-0.499999999800082,54.25000000005,0,86,0,86,310.140086169878,40.1400861698777,99.2190628754506,FALSE,FALSE
"37F0",0.500000000000057,54.25000000005,0,93,0,93,243.940084757288,333.940084757288,100,FALSE,FALSE
"37F1",1.4999999998002,54.25000000005,0,100,0,100,49.4431373705876,139.443137370588,96.6354166666667,FALSE,FALSE
"37F2",2.50000000004999,54.25000000005,0,102,0,102,315.761979933691,45.761979933691,83.4861111111111,FALSE,FALSE
"37F3",3.50000000029982,54.25000000005,0,100,0,100,237.764945290303,327.764945290303,100,FALSE,FALSE
"37F4",4.50000000009999,54.25000000005,0,96,0,96,0,90,100,FALSE,FALSE
"37F5",5.49999999990013,54.25000000005,135,91,0,91,0,90,100,FALSE,FALSE
"37F6",6.49999999970026,54.25000000005,0,84,0,84,0,90,100,FALSE,FALSE
"37F7",7.49999999995009,54.25000000005,0,74,0,74,90,180,100,FALSE,FALSE
"37F8",8.50000000019992,54.25000000005,0,62,0,62,138.769501758402,228.769501758402,97.790294627383,FALSE,FALSE
"38E9",-0.499999999800082,54.7499999999501,0,96,0,96,8.21033308826226,98.2103330882623,99.97113997114,FALSE,FALSE
"38F0",0.500000000000057,54.7499999999501,0,105,0,105,174.925924568301,264.925924568301,73.1388888888889,FALSE,FALSE
"38F1",1.4999999998002,54.7499999999501,0,111,0,111,209.991186590029,299.991186590029,81.7152777777778,FALSE,FALSE
"38F2",2.50000000004999,54.7499999999501,45,110,45,110,201.044901443413,291.044901443413,75.75,FALSE,FALSE
"38F3",3.50000000029982,54.7499999999501,0,108,0,108,0,90,99.9861111111111,FALSE,FALSE
"38F4",4.50000000009999,54.7499999999501,0,103,0,103,229.096531732109,319.096531732109,100,FALSE,FALSE
"38F5",5.49999999990013,54.7499999999501,0,97,0,97,270,0,100,FALSE,FALSE
"38F6",6.49999999970026,54.7499999999501,0,88,0,88,0,90,100,FALSE,FALSE
"38F7",7.49999999995009,54.7499999999501,0,76,0,76,354.50557385669,84.5055738566903,100,FALSE,FALSE
"38F8",8.50000000019992,54.7499999999501,90,62,90,62,214.705475691608,304.705475691608,89.7364984251364,FALSE,FALSE
"39E8",-1.50000000004991,55.2499999998502,45,89,45,89,10.7579074128497,100.75790741285,99.8508527332858,FALSE,FALSE
"39E9",-0.499999999800082,55.2499999998502,45,102,45,102,232.055334244064,322.055334244064,100,FALSE,FALSE
"39F0",0.500000000000057,55.2499999998502,0,114,0,114,114.781973912972,204.781973912972,46.9618055555556,TRUE,FALSE
"39F1",1.4999999998002,55.2499999998502,135,118,135,118,122.202032620137,212.202032620137,87.6180555555556,FALSE,FALSE
"39F2",2.50000000004999,55.2499999998502,45,115,45,115,126.93891904356,216.93891904356,99.8298611111111,FALSE,FALSE
"39F3",3.50000000029982,55.2499999998502,90,112,45,112,0,90,99.7604166666667,FALSE,FALSE
"39F4",4.50000000009999,55.2499999998502,135,108,135,108,319.469718212364,49.469718212364,99.0208333333333,FALSE,FALSE
"39F5",5.49999999990013,55.2499999998502,90,101,90,101,0,90,99.3715277777778,FALSE,FALSE
"39F6",6.49999999970026,55.2499999998502,0,91,0,91,19.9369848714171,109.936984871417,95.7256944444444,FALSE,FALSE
"39F7",7.49999999995009,55.2499999998502,135,76,135,76,0,90,98.6631944444444,FALSE,FALSE
"39F8",8.50000000019992,55.2499999998502,135,64,135,64,212.347296402101,302.347296402101,98.8450215143051,FALSE,FALSE
"40E8",-1.50000000004991,55.7499999997502,0,93,0,93,277.782850669066,7.78285066906557,99.6382367976092,FALSE,FALSE
"40E9",-0.499999999800082,55.7499999997502,45,108,45,108,94.836289524249,184.836289524249,99.9861111111111,FALSE,FALSE
"40F0",0.500000000000057,55.7499999997502,45,118,45,118,128.925833458877,218.925833458877,52.5416666666667,FALSE,FALSE
"40F1",1.4999999998002,55.7499999997502,45,122,45,122,174.641288495163,264.641288495163,57.6944444444444,FALSE,FALSE
"40F2",2.50000000004999,55.7499999997502,135,120,45,120,173.242798738576,263.242798738576,72.03125,FALSE,FALSE
"40F3",3.50000000029982,55.7499999997502,45,116,45,116,150.628976394284,240.628976394284,92.8298611111111,FALSE,FALSE
"40F4",4.50000000009999,55.7499999997502,45,112,45,112,78.832063526543,168.832063526543,98.1597222222222,FALSE,FALSE
"40F5",5.49999999990013,55.7499999997502,90,104,90,104,344.283267300002,74.2832673000019,100,FALSE,FALSE
"40F6",6.49999999970026,55.7499999997502,90,91,135,91,144.873377504024,234.873377504024,100,FALSE,FALSE
"40F7",7.49999999995009,55.7499999997502,135,76,135,76,213.289132830799,303.289132830799,100,FALSE,FALSE
"41E7",-2.50000000029974,56.2499999996503,45,84,135,84,9.70064335344065,99.7006433534406,97.596051567885,FALSE,FALSE
"41E8",-1.50000000004991,56.2499999996503,0,98,0,98,311.986459827026,41.9864598270261,100,FALSE,FALSE
"41E9",-0.499999999800082,56.2499999996503,0,111,0,111,187.907368963324,277.907368963324,93.5763888888889,FALSE,FALSE
"41F0",0.500000000000057,56.2499999996503,45,122,45,122,40.5801905690038,130.580190569004,63.40625,FALSE,FALSE
"41F1",1.4999999998002,56.2499999996503,45,126,45,126,354.052980959193,84.0529809591927,48.9409722222222,TRUE,FALSE
"41F2",2.50000000004999,56.2499999996503,0,126,0,126,270,0,48.7048611111111,TRUE,FALSE
"41F3",3.50000000029982,56.2499999996503,0,121,0,121,318.365709030597,48.3657090305968,55.4375,FALSE,FALSE
"41F4",4.50000000009999,56.2499999996503,0,116,0,116,90,180,88.0659722222222,FALSE,FALSE
"41F5",5.49999999990013,56.2499999996503,90,106,0,106,258.690358619097,348.690358619097,100,FALSE,FALSE
"41F6",6.49999999970026,56.2499999996503,0,91,0,91,209.055246713184,299.055246713184,100,FALSE,FALSE
"41F7",7.49999999995009,56.2499999996503,45,76,135,76,0,90,100,FALSE,FALSE
"42E7",-2.50000000029974,56.7500000000001,0,87,0,87,328.731804425077,58.7318044250765,93.9635841779532,FALSE,FALSE
"42E8",-1.50000000004991,56.7500000000001,0,102,0,102,110.04036752855,200.04036752855,100,FALSE,FALSE
"42E9",-0.499999999800082,56.7500000000001,0,113,0,113,145.574565116335,235.574565116335,89.2083333333333,FALSE,FALSE
"42F0",0.500000000000057,56.7500000000001,90,123,90,123,170.526239629891,260.526239629891,72.3888888888889,FALSE,FALSE
"42F1",1.4999999998002,56.7500000000001,45,129,135,129,49.910231261653,139.910231261653,54.3993055555556,FALSE,FALSE
"42F2",2.50000000004999,56.7500000000001,45,130,45,130,0,90,43.2673611111111,TRUE,FALSE
"42F3",3.50000000029982,56.7500000000001,45,127,45,127,134.207596878781,224.207596878781,38.2430555555556,TRUE,FALSE
"42F4",4.50000000009999,56.7500000000001,45,119,45,119,53.8878788868479,143.887878886848,70.3576388888889,FALSE,FALSE
"42F5",5.49999999990013,56.7500000000001,0,106,0,106,132.362337966134,222.362337966134,92.5138888888889,FALSE,FALSE
"42F6",6.49999999970026,56.7500000000001,0,91,0,91,216.16895601992,306.16895601992,98.9548611111111,FALSE,FALSE
"42F7",7.49999999995009,56.7500000000001,0,76,0,76,316.183659072242,46.183659072242,100,FALSE,FALSE
"43E8",-1.50000000004991,57.2500000003498,0,101,0,101,119.630100901078,209.630100901078,99.1406852484301,FALSE,FALSE
"43E9",-0.499999999800082,57.2500000003498,0,111,0,111,319.418526984587,49.4185269845865,98.875,FALSE,FALSE
"43F0",0.500000000000057,57.2500000003498,90,120,90,120,16.9249075704094,106.924907570409,62.6631944444444,FALSE,FALSE
"43F1",1.4999999998002,57.2500000003498,45,125,45,125,245.953880381228,335.953880381228,55.8993055555556,FALSE,FALSE
"43F2",2.50000000004999,57.2500000003498,45,128,45,128,322.861013280046,52.8610132800457,50.7916666666667,FALSE,FALSE
"43F3",3.50000000029982,57.2500000003498,45,125,45,125,285.875067460993,15.8750674609925,40.875,TRUE,FALSE
"43F4",4.50000000009999,57.2500000003498,45,118,45,118,203.401975433636,293.401975433636,76.8888888888889,FALSE,FALSE
"43F5",5.49999999990013,57.2500000003498,45,104,45,104,120.462518656903,210.462518656903,96.9583333333333,FALSE,FALSE
"43F6",6.49999999970026,57.2500000003498,0,90,0,90,72.8766667222085,162.876666722209,90.1979166666667,FALSE,FALSE
"43F7",7.49999999995009,57.2500000003498,0,75,0,75,78.3933942222431,168.393394222243,99.5590277777778,FALSE,FALSE
"44E6",-3.50000000009987,57.7500000002499,45,75,45,75,123.793999360494,213.793999360494,94.6213191350646,FALSE,FALSE
"44E7",-2.50000000029974,57.7500000002499,45,89,45,89,25.4940008959614,115.494000895961,99.983579638752,FALSE,FALSE
"44E8",-1.50000000004991,57.7500000002499,45,99,45,99,16.9576475116413,106.957647511641,99.587218516198,FALSE,FALSE
"44E9",-0.499999999800082,57.7500000002499,45,108,45,108,160.417339759573,250.417339759573,99.4340277777778,FALSE,FALSE
"44F0",0.500000000000057,57.7500000002499,90,115,90,115,146.60829247489,236.60829247489,89.4409722222222,FALSE,FALSE
"44F1",1.4999999998002,57.7500000002499,90,120,90,120,0,90,74.6493055555556,FALSE,FALSE
"44F2",2.50000000004999,57.7500000002499,45,122,45,122,267.382968359577,357.382968359577,71.2361111111111,FALSE,FALSE
"44F3",3.50000000029982,57.7500000002499,45,121,45,121,212.236979479611,302.236979479611,78.6944444444444,FALSE,FALSE
"44F4",4.50000000009999,57.7500000002499,45,111,45,111,138.3514646525,228.3514646525,97.2465277777778,FALSE,FALSE
"44F5",5.49999999990013,57.7500000002499,45,99,45,99,267.020106997506,357.020106997506,100,FALSE,FALSE
"45E6",-3.50000000009987,58.25000000015,0,73,0,73,16.2810415027687,106.281041502769,96.8462549277267,FALSE,FALSE
"45E7",-2.50000000029974,58.25000000015,45,85,45,85,23.6780085382007,113.678008538201,100,FALSE,FALSE
"45E8",-1.50000000004991,58.25000000015,45,94,45,94,188.47071295849,278.47071295849,99.6770833333333,FALSE,FALSE
"45E9",-0.499999999800082,58.25000000015,45,100,45,100,337.170311998713,67.1703119987131,99.8020833333333,FALSE,FALSE
"45F0",0.500000000000057,58.25000000015,45,106,0,106,318.748486157755,48.7484861577551,97.34375,FALSE,FALSE
"45F1",1.4999999998002,58.25000000015,90,111,90,111,57.6475431912494,147.647543191249,88.7395833333333,FALSE,FALSE
"45F2",2.50000000004999,58.25000000015,90,114,45,114,0,90,81.4340277777778,FALSE,FALSE
"45F3",3.50000000029982,58.25000000015,0,113,0,113,32.5775220293349,122.577522029335,94.09375,FALSE,FALSE
"45F4",4.50000000009999,58.25000000015,45,104,45,104,65.5336273645174,155.533627364517,100,FALSE,FALSE
"46E6",-3.50000000009987,58.75000000005,90,71,90,71,320.306064422877,50.3060644228771,97.7021696252466,FALSE,FALSE
"46E7",-2.50000000029974,58.75000000005,45,81,45,81,72.1893079165513,162.189307916551,96.6374215337176,FALSE,FALSE
"46E8",-1.50000000004991,58.75000000005,45,87,45,87,72.1893079165513,162.189307916551,99.9409722222222,FALSE,FALSE
"46E9",-0.499999999800082,58.75000000005,45,92,0,92,61.1562322003132,151.156232200313,99.9826388888889,FALSE,FALSE
"46F0",0.500000000000057,58.75000000005,0,97,0,97,5.29266537976881,95.2926653797688,98.8055555555556,FALSE,FALSE
"46F1",1.4999999998002,58.75000000005,90,102,0,102,232.365988428226,322.365988428226,89.8194444444444,FALSE,FALSE
"46F2",2.50000000004999,58.75000000005,0,104,0,104,57.2775732783886,147.277573278389,93.1493055555556,FALSE,FALSE
"46F3",3.50000000029982,58.75000000005,0,103,0,103,2.47541849255295,92.475418492553,99.8125,FALSE,FALSE
"47E6",-3.50000000009987,59.2499999999501,0,68,0,68,11.1253210934652,101.125321093465,99.0271772699197,FALSE,FALSE
"47E7",-2.50000000029974,59.2499999999501,0,74,0,74,339.019688949897,69.019688949897,92.970698834655,FALSE,FALSE
"47E8",-1.50000000004991,59.2499999999501,0,79,0,79,180,270,99.9583333333333,FALSE,FALSE
"47E9",-0.499999999800082,59.2499999999501,45,84,0,84,314.360205972918,44.3602059729183,99.9236111111111,FALSE,FALSE
"47F0",0.500000000000057,59.2499999999501,45,88,0,88,314.360205972918,44.3602059729183,96.0694444444444,FALSE,FALSE
"47F1",1.4999999998002,59.2499999999501,0,92,0,92,248.636298038191,338.636298038191,94.6840277777778,FALSE,FALSE
"47F2",2.50000000004999,59.2499999999501,0,93,0,93,36.145090720918,126.145090720918,95.1666666666667,FALSE,FALSE
"47F3",3.50000000029982,59.2499999999501,45,91,45,91,11.1253210934652,101.125321093465,99.9861111111111,FALSE,FALSE
"48E7",-2.50000000029974,59.7499999998502,90,68,45,68,123.491506255843,213.491506255843,99.8993055555556,FALSE,FALSE
"48E8",-1.50000000004991,59.7499999998502,0,72,0,72,130.388532353193,220.388532353193,98.9091297992942,FALSE,FALSE
"48E9",-0.499999999800082,59.7499999998502,45,76,45,76,90,180,99.8159722222222,FALSE,FALSE
"48F0",0.500000000000057,59.7499999998502,45,79,45,79,341.435409477357,71.4354094773569,93.5104166666667,FALSE,FALSE
"48F1",1.4999999998002,59.7499999998502,45,81,0,81,9.53243747720671,99.5324374772067,91.4965277777778,FALSE,FALSE
"48F2",2.50000000004999,59.7499999998502,90,82,0,82,303.491506255843,33.4915062558429,98.9027777777778,FALSE,FALSE
"48F3",3.50000000029982,59.7499999998502,45,80,45,80,31.6215938181175,121.621593818118,100,FALSE,FALSE
"49E8",-1.50000000004991,60.2499999997502,0,64,0,64,170.45927801371,260.45927801371,97.6125068677888,FALSE,FALSE
"49E9",-0.499999999800082,60.2499999997502,0,67,0,67,287.225441637933,17.2254416379325,97.9000244183207,FALSE,FALSE
"49F0",0.500000000000057,60.2499999997502,45,70,45,70,259.618284536656,349.618284536656,93.5590277777778,FALSE,FALSE
"49F1",1.4999999998002,60.2499999997502,45,71,45,71,243.26047044089,333.26047044089,96.7534722222222,FALSE,FALSE
"49F2",2.50000000004999,60.2499999997502,90,71,135,71,189.392001363077,279.392001363077,99.1111111111111,FALSE,FALSE
"49F3",3.50000000029982,60.2499999997502,90,68,90,68,61.2062122856225,151.206212285623,100,FALSE,FALSE
"50E8",-1.50000000004991,60.7499999996503,45,58,45,58,81.379703381392,171.379703381392,99.1499862901014,FALSE,FALSE
"50E9",-0.499999999800082,60.7499999996503,0,61,0,61,331.667862494698,61.6678624946981,98.7895066043637,FALSE,FALSE
"50F0",0.500000000000057,60.7499999996503,90,63,90,63,0,90,98.6631944444444,FALSE,FALSE
"50F1",1.4999999998002,60.7499999996503,90,64,45,64,247.739978793154,337.739978793154,97.9930555555556,FALSE,FALSE
"50F2",2.50000000004999,60.7499999996503,135,62,135,62,166.270967124565,256.270967124565,99.9166666666667,FALSE,FALSE
"50F3",3.50000000029982,60.7499999996503,135,58,135,58,135.659429540826,225.659429540826,99.96875,FALSE,FALSE
"51E8",-1.50000000004991,61.2500000000001,0,53,45,53,140.015219169153,230.015219169153,94.2916666666667,FALSE,FALSE
"51E9",-0.499999999800082,61.2500000000001,0,55,0,55,77.6555852042515,167.655585204251,99.7604166666667,FALSE,FALSE
"51F0",0.500000000000057,61.2500000000001,0,56,0,56,180,270,99.5138888888889,FALSE,FALSE
"51F1",1.4999999998002,61.2500000000001,135,55,135,55,180,270,99.1180555555556,FALSE,FALSE
"51F2",2.50000000004999,61.2500000000001,135,53,135,53,35.3759342289512,125.375934228951,98.3472222222222,FALSE,FALSE
