stat_rec,n_hauls,mean_abs_residual,mean_annual_hours_total,cooks_distance,leverage,flagged_cooks
37F8,72,1.3121988691193727,75348.7741935484,0.10408939346876996,0.1428147366139242,TRUE
34F1,48,0.7549373656330052,1913.354838709677,0.0722631079291432,0.012552689992143548,TRUE
32F1,76,0.9023098338200656,33904.74193548387,0.04105683654816441,0.019882822100218873,TRUE
33F1,62,0.7761099459055291,8061.193548387096,0.040042336642612114,0.008039481121782219,TRUE
43F7,62,1.002647451734097,42260.516129032265,0.030152076726779588,0.03436295024733989,TRUE
39F6,87,1.4624507199816525,39363.32258064517,0.027133473647680064,0.028752821559507744,TRUE
37F7,105,1.518477945584527,34432.35483870968,0.026874901569107816,0.020643205833723286,TRUE
42F7,69,0.9506225694040544,30018.290322580648,0.024192846084438148,0.014921159689545611,FALSE
31F2,63,1.3793740605462073,45377.8064516129,0.020127808156740753,0.041098083754474234,FALSE
32F3,48,0.9734003312634266,29421.548387096773,0.020014519816416526,0.014259039625693323,FALSE
46F2,70,1.6272402914616482,1529.2903225806454,0.018915736068662984,0.012928140076318971,FALSE
34F2,63,0.9481174705556207,24964.870967741936,0.018087555783355625,0.010153515908600627,FALSE
33F2,72,0.9619211320372743,25560.645161290322,0.01716454193791091,0.010616613336983712,FALSE
40F4,79,0.9138783798714769,12276.096774193551,0.017119088778790155,0.0065732313126458854,FALSE
35F0,47,0.9496248775968344,9326.032258064517,0.016813289665365768,0.007460403064109349,FALSE
47E8,62,1.6155599398239708,2219.290322580645,0.016734439114221903,0.012261484489735111,FALSE
35F1,57,1.0240746861321095,4178.612903225807,0.016673218419007766,0.010561925176871547,FALSE
48F0,67,1.6378003482004342,5167.774193548387,0.0163429413678847,0.009812609847307667,FALSE
46E8,68,1.6403719956648732,5708.4516129032245,0.016109901370006504,0.009433862208225108,FALSE
39F8,43,1.0612759229015805,39971.67741935483,0.015131939429383089,0.029878941979332854,FALSE
48F1,65,1.5845971658026885,1547.5806451612905,0.013779084123932259,0.012910010644618265,FALSE
38F8,40,1.0702192080832815,39785.96774193548,0.013489389666447762,0.029532250934545843,FALSE
46E7,57,1.5760448724470437,1179.6774193548385,0.013117348202534957,0.013279471674897373,FALSE
41E9,68,1.1012048549077904,1729.451612903226,0.011915753571173785,0.012731096338614413,FALSE
47F2,60,1.5794210383229113,3984.58064516129,0.011525135871803961,0.010717466470668928,FALSE
47F1,66,1.5714742326443176,2933.0322580645166,0.011450526568761334,0.011609233411986851,FALSE
37F2,68,1.407388887944018,35884.54838709677,0.011042013605608504,0.022843233584224104,FALSE
48E9,61,1.5716752986064044,3773.032258064517,0.010950361406945266,0.010890247085304889,FALSE
42E7,48,1.039318074217566,7922.838709677421,0.010692396035803155,0.00811005972353944,FALSE
42E8,62,1.1030816992516101,2992.266666666666,0.01030378700957775,0.011556808779478478,FALSE
49F0,58,1.6032168166619318,13702.709677419358,0.009803293125183098,0.006376926554445734,FALSE
41F3,63,1.0926761426427165,5224.064516129033,0.009011290159196205,0.009772161882442261,FALSE
37F4,90,1.4859789620218722,26115.90322580645,0.008996806094809354,0.011072038726912032,FALSE
49F1,61,1.5613117488341548,6364.16129032258,0.00877731699578058,0.009003773066569243,FALSE
45E8,69,1.5699646695633267,16788.064516129034,0.008378789054947829,0.006471240289318852,FALSE
43F3,67,1.1197058917633835,3922.096774193548,0.008042691703160692,0.010768152563805136,FALSE
40F3,77,1.0934829861956692,6627.903225806451,0.007814101737472143,0.008839819434659193,FALSE
36F7,78,1.3440446454604094,40873.032258064515,0.007639054382890719,0.031598151364270945,FALSE
44E6,61,1.5227937868808246,20294.709677419352,0.007206376284623737,0.007440004974468445,FALSE
42F6,77,1.0549512895207611,22363.483870967742,0.007162155326284555,0.008441441792050919,FALSE
48E7,31,1.15039551252448,2137.2903225806454,0.007103549367225676,0.012338851992019527,FALSE
49E9,45,1.5409013308540416,7107.322580645163,0.007101501391232276,0.008555070693531142,FALSE
39F2,78,1.100236371661452,8257.258064516129,0.006334965360647076,0.007941907072697658,FALSE
47F0,65,1.5329428733590025,8943.096774193551,0.006149330614768367,0.007623134282023398,FALSE
39E8,59,1.124645281417797,43329.4193548387,0.006108616783184172,0.03659078563910284,FALSE
42E9,65,1.1684119098980137,1818.1935483870968,0.005984933542179526,0.012644692150641833,FALSE
35F2,65,1.062688830147348,18517.225806451614,0.005925173214202788,0.006834390035406629,FALSE
45E6,60,1.492659313454681,1095.1290322580646,0.005601292781840003,0.013365803869426953,FALSE
44F1,64,1.4971593127489111,2449.58064516129,0.005578187493633936,0.01204688466836436,FALSE
36F4,93,1.4163661694692604,28505.064516129034,0.005479683011856587,0.013293837789933476,FALSE
48E8,48,1.5067367179047209,5542.580645161291,0.005417300719338193,0.009547738590746015,FALSE
46E6,18,1.182099045228774,1769.2258064516125,0.005067549666592251,0.012692297332079017,FALSE
41F4,79,1.1350153684517357,7233.5161290322585,0.00492184330484555,0.008482967156870046,FALSE
39F3,68,1.0920892581227597,13628.096774193551,0.004773487552165924,0.006383433560691418,FALSE
50F1,56,1.490492721902613,4362.5161290322585,0.004724305578605288,0.01041709411645676,FALSE
51F0,53,1.1663958748373817,4653.225806451613,0.004474523711024033,0.010193291344543665,FALSE
47E7,59,1.4763466198973743,1287.6206896551726,0.004458110243311924,0.013170025455192505,FALSE
43F0,60,1.4803752481077994,3049.58064516129,0.004386740186371704,0.011506332769925093,FALSE
51E8,39,1.1369456506001234,8331.677419354837,0.0043398940571221034,0.007905621573028185,FALSE
44F3,65,1.1319464105909363,9339,0.004191510858773059,0.007455083681386727,FALSE
50E8,33,1.1488259822943305,7463.5161290322585,0.004117868607208137,0.008354604950018898,FALSE
49E8,39,1.469371882131842,1868.6451612903227,0.003938361444892449,0.012595831339463332,FALSE
44E8,64,1.490818723224381,14197.516129032263,0.0038876465094103475,0.006344275866095098,FALSE
45E7,58,1.4746583815482541,4401.935483870967,0.003844804670671766,0.010386377930476422,FALSE
38F4,78,1.4838042891584327,14545.032258064517,0.0036367300364311466,0.006332254685695154,FALSE
37F1,70,1.3598085702805316,32300.032258064515,0.003626506154254115,0.01769768683374119,FALSE
36F3,92,1.4602471548356852,19164.032258064515,0.0035766878372692486,0.007027508391887507,FALSE
47E9,63,1.4767346260042864,8197.096774193551,0.0034547631394763216,0.007971542378713071,FALSE
41E8,72,1.1881095154707697,4747.806451612904,0.003308439797722622,0.010121836688841718,FALSE
36F5,104,1.4301724889486362,22188.516129032258,0.0032539448403709256,0.008344394436122846,FALSE
38F6,99,1.4439123553443622,20343.09677419355,0.003246640209829553,0.007459784102206672,FALSE
33F3,82,1.1527945944914881,36314.87096774193,0.003144995750262569,0.02352535248348259,FALSE
41F6,63,1.1361788685628462,23953.064516129034,0.003049197058485893,0.009427660309135123,FALSE
42F1,59,1.4509423366976342,1583.548387096774,0.0029630687383549216,0.012874432030888054,FALSE
44E7,65,1.4063554437749617,24286.064516129034,0.002928434964866006,0.009658124723122252,FALSE
42F4,75,1.1878266405369036,6529.806451612904,0.0027124712810949383,0.00890019507801644,FALSE
33F4,78,1.141321805482669,21881.064516129034,0.002659076398620372,0.008179391976472923,FALSE
35F3,75,1.1438589692116825,22357.548387096773,0.002594245671049202,0.008438112230524712,FALSE
34F4,89,1.1515404475777613,26207,0.0025757241185591696,0.011148951356428575,FALSE
43F4,67,1.173420768931709,9097.032258064517,0.002557063585619672,0.007556404394421107,FALSE
44E9,66,1.4556043932104663,9177.580645161292,0.002548028180033702,0.0075221912354018336,FALSE
43E9,65,1.2130020254191858,4008.4838709677415,0.0024393638856190685,0.010698153452864545,FALSE
50F0,59,1.4453174678363339,6911.032258064517,0.0022962925162825732,0.00866958494322725,FALSE
41F2,62,1.2243737355008448,2919,0.0022832351795163326,0.011621690796263295,FALSE
42F2,67,1.231996854184886,2741.8709677419356,0.0020168465580053243,0.011780202253562033,FALSE
48F2,60,1.425588953810899,1653.2903225806451,0.0018052730276393685,0.012805719404415184,FALSE
37F5,95,1.3918392881348993,22124.290322580648,0.0018015723132187057,0.008309343630457102,FALSE
45E9,68,1.4274079319644204,13744.290322580644,0.0017017443181423118,0.006373480374210585,FALSE
42F0,60,1.4271692861516974,6588.322580645162,0.0016867660720026824,0.00886409381714357,FALSE
42F5,76,1.2069245039181935,8067.16129032258,0.0016673360237864122,0.00803646891442343,FALSE
36F6,91,1.2883464572148717,39415.967741935485,0.0016471370642534057,0.028849182156704446,FALSE
40E8,61,1.2025802983265002,9065.741935483868,0.0016151438069022443,0.007569825481214279,FALSE
44F0,65,1.4239241849206725,12888.258064516132,0.0015712900589586578,0.006470413779900335,FALSE
51E9,47,1.2121840056962723,7924.580645161292,0.0015376090704569234,0.00810916224476824,FALSE
38F5,91,1.423145391647719,10696.322580645163,0.001507374002258159,0.006967631599559464,FALSE
43F5,62,1.1962811176095185,11198.064516129034,0.00146547675865043,0.006822208442946027,FALSE
43E8,69,1.213329213706332,8223.096774193551,0.001453083111060433,0.007958701736863782,FALSE
48F3,57,1.4171708224792785,11327.709677419354,0.0013595977395861884,0.00678768348478224,FALSE
39F0,68,1.41531120168057,8435.709677419356,0.0013060233312707278,0.007855589314850524,FALSE
38F0,70,1.4119471845962746,12652.58064516129,0.0012645650575793623,0.006506690644290101,FALSE
46F3,65,1.4129647623588306,11744.935483870966,0.001264348952963865,0.00668507910764654,FALSE
37F3,92,1.4073169793382316,14877.419354838708,0.0012633561901533182,0.0063291799890080195,FALSE
38F2,67,1.2160056102395589,9138.806451612903,0.0012411286239872217,0.007538600313838051,FALSE
45F3,69,1.4106540768559654,6699.645161290323,0.001199700621144942,0.008796118552868997,FALSE
46F1,68,1.4082092658742293,4628.354838709677,0.0011550663573567216,0.010212191822611953,FALSE
40F5,66,1.3516182197831228,24791.58064516129,0.0010944816883279335,0.01002378401256427,FALSE
37F6,94,1.3370133333561236,27076.870967741932,0.0010474808678561309,0.011914536169766387,FALSE
43F1,63,1.3998371578235143,1343.2258064516127,9.233526726442926e-4,0.013113985076430338,FALSE
43F6,64,1.2084431343872057,14120.580645161292,9.180091823656201e-4,0.006348154329289741,FALSE
41E7,67,1.2573116296333533,43508.967741935485,9.082937567458257e-4,0.03697335977428291,FALSE
34F3,84,1.1989304811297463,21291.41935483871,9.068294079209448e-4,0.007882658237478812,FALSE
36F1,74,1.2385699361350606,8523.193548387095,7.99183562434615e-4,0.007814140153188813,FALSE
39F5,78,1.3862522924222342,14405.935483870966,7.974553490101862e-4,0.006335985749112903,FALSE
42F3,66,1.2590795421626777,5021.4838709677415,7.520299565131744e-4,0.009918832775641132,FALSE
49F2,60,1.3925540890750168,2180.3870967741937,7.349424820322677e-4,0.012298127431172637,FALSE
50E9,45,1.2144373872328063,15558.58064516129,7.313418984361458e-4,0.006348611240083724,FALSE
45F0,65,1.1947019298455717,38805.70967741936,7.304844584627027e-4,0.02774486183081067,FALSE
39F7,101,1.287377986161358,34737.903225806454,6.797426191244539e-4,0.021093043609936628,FALSE
41F0,67,1.3870192977883595,3412.7419354838707,6.193737870823009e-4,0.011192190678697048,FALSE
46E9,67,1.378618112097714,10942.483870967742,5.579761891734717e-4,0.006893940123468338,FALSE
46F0,69,1.3532862200924918,19514.161290322583,5.476555980576263e-4,0.007145057176265699,FALSE
38F3,72,1.3787866984275226,9374.967741935483,5.330802421614771e-4,0.007440395274542909,FALSE
32F2,64,1.2157179124963522,27952.129032258064,4.884337671598092e-4,0.012741792954820667,FALSE
38E9,61,1.3100970431674255,27225.258064516132,4.205284752439613e-4,0.012050765261253546,FALSE
36F2,76,1.3408601453017746,19729.354838709674,3.757915566109765e-4,0.007221838366841331,FALSE
51F2,53,1.261880555042282,9382.741935483871,3.4040556251080536e-4,0.007437233145571728,FALSE
44F5,66,1.2356199762533895,19268.709677419356,3.131458282824029e-4,0.007061694092094244,FALSE
41F5,66,1.2258065189468652,28195.161290322583,2.970847024012353e-4,0.012981626547416853,FALSE
44F4,65,1.27550886390889,6970,2.9622701163918786e-4,0.008634881806512689,FALSE
38F1,69,1.3363868525373754,18963.967741935485,2.813809589733053e-4,0.006964443440831599,FALSE
50F3,54,1.3622667684756717,5532.1612903225805,2.34319519076299e-4,0.009554960314852503,FALSE
35F4,87,1.2942765677096615,28272.774193548386,2.321133934591912e-4,0.01305914550871056,FALSE
38F7,111,1.3191889725312302,22089.258064516132,2.274148216639545e-4,0.008290354612743307,FALSE
39F1,77,1.3235050847485061,20967.41935483871,2.2516694818925775e-4,0.007730641391827232,FALSE
49F3,60,1.3496509169845912,10904.419354838708,1.8748253046487268e-4,0.006905039979226561,FALSE
45F4,61,1.263153856614172,14311.193548387097,1.482951790955228e-4,0.006339352796985584,FALSE
40F1,74,1.3033140371549086,3414.548387096775,1.377344117539651e-4,0.0111906526336898,FALSE
43F2,67,1.311727414494338,1632.2258064516127,1.1938984386017117e-4,0.012826434815561873,FALSE
40F0,69,1.30707298766131,2981.0967741935483,1.164523413141486e-4,0.011566674535134512,FALSE
40F7,74,1.2372540561523322,29519.645161290326,1.1366501937581279e-4,0.014366060552472623,FALSE
44F2,68,1.3062319525777695,4418.032258064517,7.931872853315174e-5,0.010373868376356586,FALSE
41F7,69,1.2441433473194305,27881.51612903226,7.875417562197452e-5,0.012672934900557771,FALSE
39E9,65,1.307507298278024,20517.064516129034,7.476517732518818e-5,0.00753233843716513,FALSE
51F1,53,1.3447716134593393,5468.322580645162,6.715553605261079e-5,0.009599384038419341,FALSE
39F4,82,1.32396129004218,14620.483870967742,6.433582047432272e-5,0.006330834169122045,FALSE
31F1,54,1.1756098970885578,57692.5806451613,5.218169246462924e-5,0.07478831793857185,FALSE
37E9,20,1.2851035623387204,25467.806451612898,4.228988252752152e-5,0.01054270917228948,FALSE
47F3,58,1.3260975378835136,11957,4.208287111203142e-5,0.0066379020540032595,FALSE
50F2,56,1.3410447437460005,4540.645161290323,3.4349439901532165e-5,0.010279214077081423,FALSE
45F1,67,1.327268609100653,10352.322580645163,3.120020401259707e-5,0.007078179121306902,FALSE
36F0,65,1.3366211275592947,6222.709677419354,3.1100715829796816e-5,0.00909384189116466,FALSE
37F0,71,1.2667701508643687,30485.645161290322,3.066874198255779e-5,0.015458252985186138,FALSE
41F1,64,1.3212099073292591,2753.903225806452,2.3231146546218525e-5,0.011769360634663358,FALSE
45F2,66,1.3173647479189499,4106.161290322581,2.1478757577364393e-5,0.010619675951511693,FALSE
40F2,72,1.3371486837258564,3971.903225806452,1.336132409262789e-5,0.010727726692071095,FALSE
40F6,70,1.2784091876247983,18988,9.80480719458736e-6,0.006971861285469542,FALSE
40E9,67,1.3314543518355122,2898.7096774193546,1.7897433142389085e-9,0.011639729844393825,FALSE
47E6,16,1.3261344299490585,4865.096774193548,1.858949103723254e-10,0.010034151342437559,FALSE
