stat_rec,random_intercept,n_hauls,unpooled_intercept,model_id,shrinkage_ratio
47E6,0.03181160776631597,16,-0.04182669813396776,full_spatial,-0.7605574713171426
46E6,-0.0014897475721489715,18,0.07955095225662698,full_spatial,-0.018726960895994408
37E9,0.043649654856272806,20,0.07839395827266513,full_spatial,0.5567987102329138
48E7,0.16496607028264973,31,0.2272388691986312,full_spatial,0.7259588593466008
50E8,0.1331011588445701,33,0.18911008543003277,full_spatial,0.7038289816320509
49E8,0.06425930308336322,39,-0.029337264684513,full_spatial,-2.1903644997035254
51E8,0.18037289249956776,39,0.2418484980782093,full_spatial,0.745809438275852
38F8,-0.29334807321935646,40,-0.1501965296233124,full_spatial,1.953094881453407
39F8,-0.26105897363653274,43,-0.09180489577630786,full_spatial,2.8436280160115857
49E9,-0.03635472152798482,45,-0.06919598979832958,full_spatial,0.5253876941993312
50E9,0.04811819530616052,45,0.10525294563602287,full_spatial,0.4571672081516743
51E9,0.1391332534311478,47,0.18837462503225375,full_spatial,0.7385987014297983
35F0,0.04928985994160327,47,0.14523397748072048,full_spatial,0.3393824282485578
42E7,0.04307846507573364,48,0.177314243952189,full_spatial,0.24294982803157827
48E8,0.05971515434780771,48,0.04759378213031643,full_spatial,1.2546839455688092
34F1,0.0915754909694332,48,0.2212419867422384,full_spatial,0.41391551539502636
32F3,-0.06956012448649228,48,0.062419976127000676,full_spatial,-1.1143888351537357
51F0,0.13358427670584505,53,0.21945492568233788,full_spatial,0.6087094025823279
51F2,0.07329394874689725,53,0.13532492848393918,full_spatial,0.541614538932463
51F1,0.06143788246818504,53,0.07729682147009909,full_spatial,0.7948306450343654
50F3,0.03916273972602655,54,0.05535998982954982,full_spatial,0.7074195614306712
31F1,0.021133276567526487,54,0.0910124446074247,full_spatial,0.23220205389145712
47E7,0.09738930516812577,55,0.05905628832560299,full_spatial,1.649092889671227
50F1,-0.01426571655222151,56,-0.0034196040600980465,full_spatial,4.171745120636126
50F2,-0.0024882928625779683,56,0.017003534031246593,full_spatial,-0.1463397466670958
46E7,-0.0080923668486297291,57,-0.07754634281493109,full_spatial,0.10435523526805951
48F3,-0.03440400171672488,57,-0.003995876851721014,full_spatial,8.609875377392365
35F1,-7.203323528172866e-4,57,0.028616830596380517,full_spatial,-0.02517163284002509
45E7,-0.09565296693972833,58,-0.10987359606768189,full_spatial,0.8705728251654411
49F0,-0.13216554776637496,58,-0.14398271893474293,full_spatial,0.9179264618990571
47F3,-0.054099083760875806,58,0.015535941500200892,full_spatial,-3.4821889462042748
39E8,0.07177596555576142,59,0.2000103999514076,full_spatial,0.3588611670853083
42F1,-0.015026893470138018,59,-0.08808301136009206,full_spatial,0.1705992249595849
50F0,-0.012439354785569581,59,-0.012497384846047973,full_spatial,0.9953566237102203
42E8,0.141973489275554,60,0.17893264117776733,full_spatial,0.7934465636960286
43F0,-0.006168166450699114,60,-0.04398366275772541,full_spatial,0.14023767153443176
42F0,0.009285550496714055,60,-0.027930300994956893,full_spatial,-0.3324543655433809
45E6,-0.07978395725140491,60,-0.10497169242029455,full_spatial,0.7600521189270641
49F3,0.007698174273732691,60,0.05835988189195102,full_spatial,0.13190866780685553
49F2,-0.0771552946939256,60,-0.10006566110117485,full_spatial,0.7710466692056835
48F2,-0.09233039958175512,60,-0.06871448072355928,full_spatial,1.3436818354664355
47F2,-0.16102366679007646,60,-0.18554887678354157,full_spatial,0.8678234521350628
45F4,0.042292941779758716,61,0.12948974337550842,full_spatial,0.3266122912693792
38E9,0.07081373086125355,61,0.14953182577026836,full_spatial,0.47356962637537425
40E8,0.04733238827790054,61,0.061585720942918365,full_spatial,0.7685610812573139
44E6,-0.1763942595634206,61,-0.18565450445040316,full_spatial,0.9501210869383653
48E9,-0.055660366081561115,61,-0.07547401139193216,full_spatial,0.7374772462075729
49F1,-0.11944548797803131,61,-0.12814151620521683,full_spatial,0.9321373081518799
43F5,0.012321973232366928,62,0.05440813193575184,full_spatial,0.22647300677254278
41F2,0.07144108374871493,62,0.1127886773673745,full_spatial,0.6334065210820544
47E8,0.020949335399180233,62,-0.02926445773560597,full_spatial,-0.7158627570840393
43F7,0.022579983966257194,62,0.1718216111096177,full_spatial,0.1314152732036237
33F1,0.12889584340692642,62,0.2773831250952158,full_spatial,0.46468523765705305
41F3,0.1297983769302236,63,0.242221978890645,full_spatial,0.5358653972058546
43F1,-0.02026800411485882,63,-0.038548639123189975,full_spatial,0.5257774223906663
47E9,-0.03766570194657423,63,-0.0034602548007002226,full_spatial,10.885239416170203
34F2,-0.02272638531553305,63,0.13452190285534493,full_spatial,-0.16894189595259704
41F6,-0.07338150000619428,63,0.05965627855636024,full_spatial,-1.230071700447542
31F2,-0.03475928672330408,63,0.03545141562710589,full_spatial,-0.980476692071145
41F1,0.07225160713291733,64,0.10499540471536727,full_spatial,0.6881406603344659
44F1,-0.037653462256460775,64,-0.07293996035674924,full_spatial,0.5162254280410593
44E8,-0.03983543379348113,64,-0.05753372584773025,full_spatial,0.6923840444283111
43F6,9.164134713604569e-4,64,0.04551735718721079,full_spatial,0.02013327504036077
32F2,-0.00679313309629911,64,0.09465370743667548,full_spatial,-0.07176827279421466
44F4,9.645224583350006e-4,65,0.020831623124468804,full_spatial,0.04630087884040459
39E9,0.0570604717441736,65,0.08912164933219921,full_spatial,0.6402537674261594
43E9,0.13984688794794434,65,0.2062914077142244,full_spatial,0.6779094170595524
42E9,0.18587952968277197,65,0.19743555877011915,full_spatial,0.9414693626653026
44F0,-0.02232535779370092,65,-0.007780224241638725,full_spatial,2.8695005568372407
44E7,-0.12080689970436695,65,-0.08511851555798529,full_spatial,1.419278742262248
48F1,-0.16495154668102538,65,-0.2015618416797747,full_spatial,0.8183669354593771
46F3,-0.07848073046819735,65,-0.04372357684255466,full_spatial,1.7949293295651592
47F0,-0.1288422106764691,65,-0.12420142795313563,full_spatial,1.0373649707560895
45F0,0.00525721498587741,65,0.13336782421488788,full_spatial,0.03941891544550328
44F3,-0.01636832406361626,65,0.07175744443900828,full_spatial,-0.22810628488210524
36F0,0.030940323262040707,65,0.051973023969628815,full_spatial,0.5953150480549512
35F2,-0.07355054107319645,65,0.06254307072745689,full_spatial,-1.1759982395764779
44F5,0.0634163097979515,66,0.15636626693974995,full_spatial,0.4055626001635421
42F3,0.020997572536715813,66,0.00183578221162809,full_spatial,11.437943130570925
41F5,-0.03449539158934993,66,0.06572540305475164,full_spatial,-0.5248410810142012
40F5,-0.11498906585760545,66,-0.053456809274645474,full_spatial,2.1510648955276253
44E9,-0.009111517909404029,66,-0.03684623067848313,full_spatial,0.24728493910029248
47F1,-0.14899103503658478,66,-0.17595374893832064,full_spatial,0.8467624926185151
45F2,-0.1322001237674703,66,-0.11718157716005254,full_spatial,1.1281647420302654
43F4,0.0030035235930027035,67,0.055125288134433445,full_spatial,0.054485403970643075
43F3,3.7802181079772446e-4,67,0.05214589986825782,full_spatial,0.0072493103341348866
43F2,-0.010052277053566844,67,-0.002258624016993027,full_spatial,4.450619925201069
42F2,0.010892469279774468,67,0.010684703258777541,full_spatial,1.019445184013533
38F2,-0.16731809608071432,67,-0.1281614936331324,full_spatial,1.3055254845864182
40E9,0.0912626657613784,67,0.05881739466958641,full_spatial,1.5516271380950668
41E7,-9.60713840630589e-4,67,0.06376676473060831,full_spatial,-0.015066059015056825
41F0,0.08949711931397011,67,0.08365179906022917,full_spatial,1.0698768026439256
46E9,-0.02947244000113493,67,0.024135820574697223,full_spatial,-1.2211078512918825
48F0,-0.1630223917421458,67,-0.1786716570239933,full_spatial,0.9124132750403384
45F1,-0.015196540834348987,67,0.0668865279657542,full_spatial,-0.22719882906957875
39F3,-0.030771884894353896,68,0.05939274733527456,full_spatial,-0.51810846062811855
37F2,-0.1575225712889268,68,-0.06462337122414229,full_spatial,2.437548031076392
41E9,0.1779605389098981,68,0.20701679974892295,full_spatial,0.8596429812736682
46E8,-0.0514679082682493,68,-0.0890320001911678,full_spatial,0.5780832527376493
46F1,-0.0572720929523305,68,-0.0053315131204041116,full_spatial,10.742183627598287
44F2,-0.05906955748979643,68,-0.02659855705756409,full_spatial,2.220780524370522
39F0,0.06853994580538084,68,0.0758134902672835,full_spatial,0.9040600236678262
45E9,-0.029021079550057092,68,0.012452719862926056,full_spatial,-2.330501277593015
45F3,-0.054604278444308395,69,-0.02623486765502689,full_spatial,2.081362832179015
40F0,0.11318888866767841,69,0.12362242616103375,full_spatial,0.9156015796052704
43E8,0.103349961314841,69,0.1715928490372354,full_spatial,0.6022976009473111
45E8,-0.07535814188100148,69,-0.06458895165580274,full_spatial,1.1667342470982998
46F0,-0.03526610508423479,69,0.04950754172044298,full_spatial,-0.7123380369676582
42F7,-0.017111659227966557,69,0.1671099419999575,full_spatial,-0.10239761335068209
38F1,-0.12304109024743158,69,-0.07999626143631652,full_spatial,1.5380855059755787
41F7,-0.15649378381638226,69,-0.06509226623989489,full_spatial,2.4041839815444557
37F1,-0.08079853027604601,70,-0.008127496578968595,full_spatial,9.941379795240664
46F2,-0.17519174550949557,70,-0.2384866831514617,full_spatial,0.7345976018217846
38F0,0.048532954904461766,70,0.08270253169636899,full_spatial,0.5868375962496996
40F6,-0.19121041197006652,70,-0.09611864234567065,full_spatial,1.9893166123010577
37F0,0.025646736222466594,71,0.09694006100887832,full_spatial,0.26456282320802044
38F3,-0.11290844446842124,72,-0.06294827066613826,full_spatial,1.793670314904426
40F2,0.03544275921009099,72,0.05006650725615479,full_spatial,0.7079135564371516
41E8,0.08620690408482494,72,0.0873849717177085,full_spatial,0.9865186472029855
33F2,-0.020235551689498067,72,0.10037461445070715,full_spatial,-0.20160029306449312
37F8,-0.3021855333401233,72,-0.14679994272021274,full_spatial,2.05848536273656
40F1,0.04434575563457205,74,0.07011318049991347,full_spatial,0.6324881472839016
40F7,-0.25596989010782056,74,-0.14075611565208168,full_spatial,1.818534767899692
36F1,-0.0021279980864864884,74,0.09974387200035764,full_spatial,-0.021334624812628673
42F4,0.04022967811643115,75,0.07713071826476418,full_spatial,0.5215779007572054
35F3,-0.1568859766171322,75,-0.040524200408358337,full_spatial,3.871414489026503
42F5,0.010324596203186908,76,0.08047512248599399,full_spatial,0.12829550156924355
36F2,-0.13993688156324585,76,-0.07009069893951213,full_spatial,1.996511429911843
32F1,0.10359213051441703,76,0.26176813178502356,full_spatial,0.3957400383614756
40F3,0.0699426315756568,77,0.14049888698307217,full_spatial,0.4978162679970821
39F1,-0.08000906320652319,77,-0.04328032704020854,full_spatial,1.8486242752323176
42F6,0.012404094795184981,77,0.16046168188200838,full_spatial,0.07730253509561262
39F2,-0.05858436815096799,78,0.03067784519417822,full_spatial,-1.9096637257327849
38F4,-0.19357608324142614,78,-0.14581431478696447,full_spatial,1.327551986402994
39F5,-0.17187307814977462,78,-0.09545666925695863,full_spatial,1.800535043676326
33F4,-0.11138869655930564,78,0.005639864691831803,full_spatial,-19.75024271781369
36F7,-0.3381202384009466,78,-0.21992808751442702,full_spatial,1.5374127162305558
41F4,0.10628763485822408,79,0.17267631602586503,full_spatial,0.6155310543126444
40F4,0.11938852430951023,79,0.3184346431220757,full_spatial,0.3749231652026668
39F4,-0.08771764704974519,82,-0.04973398156411498,full_spatial,1.7637366704023736
33F3,-0.07601666523804852,82,0.04106338382163582,full_spatial,-1.8512031441012475
34F3,-0.07551490694581388,84,0.04629874885578418,full_spatial,-1.6310355854546958
39F6,-0.2737213077326809,87,-0.19607303351490102,full_spatial,1.396017100494744
35F4,-0.1765066176199606,87,-0.058421159656738754,full_spatial,3.021278910878328
34F4,-0.10454249106692785,89,0.041240137245497306,full_spatial,-2.5349695236123893
37F4,-0.24895156615736333,90,-0.167710930660902,full_spatial,1.4844087095355958
38F5,-0.22381749607980742,91,-0.15102122850673785,full_spatial,1.4820267209640778
36F6,-0.3070137081714394,91,-0.19758788763877308,full_spatial,1.5538083424056681
37F3,-0.15304887340754594,92,-0.061898757004468424,full_spatial,2.472567799648989
36F3,-0.22122976536811145,92,-0.17819273290268942,full_spatial,1.2415195713336102
36F4,-0.2642930318304184,93,-0.18648647270437224,full_spatial,1.417223608756808
37F6,-0.2146292328329079,94,-0.05526876811050815,full_spatial,3.883372837327649
37F5,-0.26827247273095733,95,-0.16815456467235326,full_spatial,1.5953921515819827
38F6,-0.2536080933214462,99,-0.1656734264174239,full_spatial,1.5307711007465115
39F7,-0.30426362776147187,101,-0.17486374890674225,full_spatial,1.7400040297874475
36F5,-0.2906064732639558,104,-0.2042060432249308,full_spatial,1.4231041778908367
37F7,-0.32149832485189206,105,-0.21909109684008832,full_spatial,1.4674184824888135
38F7,-0.31641042011132553,111,-0.1956531471852358,full_spatial,1.6172007691333585
47E6,-0.017519817163803793,16,-0.04182669813359094,simple_nonspatial,0.4188668469083306
46E6,0.06577647474620665,18,0.07955095225398166,simple_nonspatial,0.8268471071999572
37E9,0.023484967513980368,20,0.0783939582737047,simple_nonspatial,0.29957624326080007
48E7,0.18896182852916887,31,0.22723886919721323,simple_nonspatial,0.8315559270151756
50E8,0.13020879352419704,33,0.1891100854301956,simple_nonspatial,0.6885343699570151
49E8,-0.006376929880379284,39,-0.02933726468508473,simple_nonspatial,0.21736620468306167
51E8,0.165020684009204,39,0.24184849807922867,simple_nonspatial,0.6823308199960119
38F8,-0.11582340989560577,40,-0.15019652962953792,simple_nonspatial,0.7711457127623789
39F8,-0.08422144840751389,43,-0.09180489577883083,simple_nonspatial,0.9173960461805175
49E9,-0.05995913966938635,45,-0.06919598979639287,simple_nonspatial,0.8665117710695999
50E9,0.06536637111423667,45,0.10525294563659367,simple_nonspatial,0.6210407767581805
35F0,0.11429538212374891,47,0.14523397747790567,simple_nonspatial,0.7869741234700852
51E9,0.13743674257749,47,0.1883746250333293,simple_nonspatial,0.7295926537513914
32F3,0.030418374551629355,48,0.06241997612498302,simple_nonspatial,0.48731794595247663
34F1,0.21990986083327677,48,0.2212419867354559,simple_nonspatial,0.9939788738935346
42E7,0.14689266053692443,48,0.177314243951326,simple_nonspatial,0.8284312487452925
48E8,0.03975961698023943,48,0.047593782132826425,simple_nonspatial,0.8353951965674187
51F0,0.17873372530587586,53,0.21945492568261146,simple_nonspatial,0.814443898900547
51F1,0.0555157369600205,53,0.07729682147092187,simple_nonspatial,0.7182150042340983
51F2,0.09255555517952484,53,0.13532492848484493,simple_nonspatial,0.6839505198030839
31F1,0.028714440766571318,54,0.09101244460870117,simple_nonspatial,0.3155001592367523
50F3,0.03922833813868925,54,0.05535998983008459,simple_nonspatial,0.7086045040667831
47E7,0.0839068266810046,55,0.05905628832551609,simple_nonspatial,1.420794111179376
50F1,-0.0021785029901784697,56,-0.003419604058711261,simple_nonspatial,0.6370629326599517
50F2,0.014561527280276843,56,0.017003534031123296,simple_nonspatial,0.8563823998954218
35F1,0.04732058472064911,57,0.028616830592471994,simple_nonspatial,1.6535927893111044
46E7,-0.024989192954482504,57,-0.0775463428150553,simple_nonspatial,0.32224850389244863
48F3,-0.021953943078579567,57,-0.00399587685050076,simple_nonspatial,5.494149069140686
45E7,-0.07701799690510062,58,-0.10987359606750145,simple_nonspatial,0.7009691105202763
47F3,-0.003559759676957071,58,0.015535941500794822,simple_nonspatial,-0.2291306051052621
49F0,-0.13784013535280762,58,-0.14398271893232426,simple_nonspatial,0.957338049836357
39E8,0.12142274650639623,59,0.2000103999534928,simple_nonspatial,0.6070821644006008
42F1,-0.045394697758756423,59,-0.08808301136100422,simple_nonspatial,0.5153626909133285
50F0,-0.013787483814329708,59,-0.012497384844799665,simple_nonspatial,1.1032295144585287
42E8,0.18382045694731325,60,0.17893264117563162,simple_nonspatial,1.0273165127366783
42F0,-0.029526993175723645,60,-0.02793030099406139,simple_nonspatial,1.0571670237997703
43F0,-0.01525834981353502,60,-0.043983662757478725,simple_nonspatial,0.3469094854075239
45E6,-0.04702585749133078,60,-0.10497169242156973,simple_nonspatial,0.44798608469103657
47F2,-0.14525871563678433,60,-0.18554887678369628,simple_nonspatial,0.7828595793986928
48F2,-0.028283356092202717,60,-0.06871448072483645,simple_nonspatial,0.4116069246810136
49F2,-0.05752058281518412,60,-0.1000656611028457,simple_nonspatial,0.5748283894918307
49F3,0.02976190348654579,60,0.058359881893050886,simple_nonspatial,0.5099719622648798
38E9,0.0827421630555078,61,0.1495318257735972,simple_nonspatial,0.5533414885255655
40E8,0.05667180047714296,61,0.06158572094206483,simple_nonspatial,0.9202100683445028
44E6,-0.17500297110484075,61,-0.18565450444908557,simple_nonspatial,0.9426271214056865
45F4,0.07989871829053508,61,0.1294897433773114,simple_nonspatial,0.6170273892483021
48E9,-0.06306181214262728,61,-0.07547401139047213,simple_nonspatial,0.8355434007127416
49F1,-0.10758312195118495,61,-0.12814151620396963,simple_nonspatial,0.8395649211762034
33F1,0.2367020087246739,62,0.27738312509182445,simple_nonspatial,0.8533396133824523
41F2,0.10673641530652901,62,0.11278867736656698,simple_nonspatial,0.9463398082028401
43F5,0.03940051001531158,62,0.054408131935153446,simple_nonspatial,0.7241658298849745
43F7,0.10536543959327839,62,0.1718216111095179,simple_nonspatial,0.6132257689407835
47E8,-0.005342991929914201,62,-0.029264457734140197,simple_nonspatial,0.18257614675296086
31F2,-0.023712999914757376,63,0.03545141562991402,simple_nonspatial,-0.6688872501539338
34F2,0.09154732063998593,63,0.13452190285304266,simple_nonspatial,0.6805384007985379
41F3,0.20528540132731185,63,0.24222197888984684,simple_nonspatial,0.8475093889835146
41F6,0.03061393780184211,63,0.05965627855556214,simple_nonspatial,0.513172100960491
43F1,0.002947818006633211,63,-0.03854863912450902,simple_nonspatial,-0.07647009268244191
47E9,-0.018235459649016572,63,-0.003460254798941534,simple_nonspatial,5.269975972461526
32F2,0.040672545122807435,64,0.09465370743791102,simple_nonspatial,0.42969838396966087
41F1,0.1033742905543366,64,0.1049954047156122,simple_nonspatial,0.9845601417922384
43F6,0.021417387471421214,64,0.0455173571871486,simple_nonspatial,0.4705323154716947
44E8,-0.05750892577357898,64,-0.0575337258456226,simple_nonspatial,0.9995689472274025
44F1,-0.04160255519631185,64,-0.07293996035687635,simple_nonspatial,0.5703671210233913
35F2,0.039963645270355945,65,0.06254307072503322,simple_nonspatial,0.638977984404598
36F0,0.037671398057193176,65,0.051973023970529254,simple_nonspatial,0.7248259804654495
39E9,0.040941832693288015,65,0.08912164933438503,simple_nonspatial,0.45939267281369517
42E9,0.19557061398946726,65,0.19743555876887078,simple_nonspatial,0.9905541595899312
43E9,0.17561513777148088,65,0.20629140771448248,simple_nonspatial,0.8512964243985427
44E7,-0.09357834397042863,65,-0.08511851555667528,simple_nonspatial,1.0993888152116618
44F0,-0.024087778953418876,65,-0.007780224239649101,simple_nonspatial,3.096026311255171
44F3,0.06482294217084841,65,0.07175744443786015,simple_nonspatial,0.9033619114875695
44F4,0.018269610374312087,65,0.02083162312433708,simple_nonspatial,0.8770132920160285
45F0,0.07823059848665584,65,0.13336782421697208,simple_nonspatial,0.5865777517625604
46F3,-0.05446799202873976,65,-0.04372357684147153,simple_nonspatial,1.2457350464767378
47F0,-0.1145979670287894,65,-0.1242014279516789,simple_nonspatial,0.9226783372681853
48F1,-0.1431714080822544,65,-0.20156184168088118,simple_nonspatial,0.7103100809573258
40F5,-0.0744186717796282,66,-0.05345680927350531,simple_nonspatial,1.3921270796181278
41F5,0.0230659153896499,66,0.06572540305552778,simple_nonspatial,0.3509436887007414
42F3,0.016143309351819825,66,0.0018357822102855763,simple_nonspatial,8.793695276798958
44E9,-0.04340771534183047,66,-0.03684623067717238,simple_nonspatial,1.1780775005765562
44F5,0.09809073201997259,66,0.15636626694204897,simple_nonspatial,0.6273138953705794
45F2,-0.07768241246702708,66,-0.11718157716179553,simple_nonspatial,0.6629234248978321
47F1,-0.13438274018505517,66,-0.1759537489384466,simple_nonspatial,0.763738999571222
38F2,-0.09814202362560366,67,-0.12816149363598037,simple_nonspatial,0.7657684132829975
40E9,0.06055229012922158,67,0.05881739466968,simple_nonspatial,1.0294962989993828
41E7,0.012738117711800608,67,0.06376676473264098,simple_nonspatial,0.19976107875644208
41F0,0.07745885409607925,67,0.0836517990613094,simple_nonspatial,0.9259675818724321
42F2,0.027884628639359452,67,0.010684703256411358,simple_nonspatial,2.6097709941197738
43F2,0.027011349805430573,67,-0.002258624019607389,simple_nonspatial,-11.959205946160925
43F3,0.06358261998296397,67,0.052145899865259054,simple_nonspatial,1.2193215602234597
43F4,0.05137840150285538,67,0.055125288132924825,simple_nonspatial,0.9320296227561751
45F1,0.04143415505842618,67,0.0668865279672549,simple_nonspatial,0.6194693657699016
46E9,0.0028652058476196993,67,0.024135820575796323,simple_nonspatial,0.11871176447561764
48F0,-0.15610238079088498,67,-0.17867165702305968,simple_nonspatial,0.8736829522476424
37F2,-0.09393615937060924,68,-0.0646233712223144,simple_nonspatial,1.453594227504076
39F0,0.052927770995812806,68,0.07581349026948567,simple_nonspatial,0.6981313062843622
39F3,0.0429109165500848,68,0.05939274733361635,simple_nonspatial,0.7224942181753087
41E9,0.20919153782172922,68,0.20701679974670048,simple_nonspatial,1.010505128461505
44F2,-0.0010505625819669346,68,-0.026598557058703783,simple_nonspatial,0.03949697645809555
45E9,-0.015314961878810722,68,0.012452719865018438,simple_nonspatial,-1.2298487434727214
46E8,-0.08445203066192633,68,-0.08903200018910211,simple_nonspatial,0.9485581642842122
46F1,-0.005062863582343862,68,-0.00533151312000761,simple_nonspatial,0.9496110144312344
38F1,-0.08477042535423203,69,-0.07999626143587045,simple_nonspatial,1.059679837940787
40F0,0.12522515709234067,69,0.12362242616114055,simple_nonspatial,1.012964726392855
41F7,-0.07588394056054593,69,-0.06509226624044025,simple_nonspatial,1.1657904224788087
42F7,0.11686958426622901,69,0.16710994199879622,simple_nonspatial,0.6993574581401678
43E8,0.1505294886304005,69,0.1715928490376638,simple_nonspatial,0.877248029125969
45E8,-0.0809298199985421,69,-0.06458895165234871,simple_nonspatial,1.2529978878454078
45F3,-0.028292934582312624,69,-0.02623486765428871,simple_nonspatial,1.0784477724509305
46F0,0.015057647797137199,69,0.04950754172263497,simple_nonspatial,0.30414856551548
37F1,-0.041373411933008065,70,-0.008127496576539469,simple_nonspatial,5.090548060325861
38F0,0.053728418696073706,70,0.08270253169873762,simple_nonspatial,0.6496586935426769
40F6,-0.09567163421052849,70,-0.09611864234642448,simple_nonspatial,0.9953494127155385
46F2,-0.172170321913654,70,-0.2384866831522504,simple_nonspatial,0.7219284516768598
37F0,0.05082256301911258,71,0.09694006101123386,simple_nonspatial,0.5242679083235054
33F2,0.06606075117032209,72,0.10037461444837154,simple_nonspatial,0.6581420166181655
37F8,-0.16297576570281705,72,-0.14679994272097227,simple_nonspatial,1.1101895728432996
38F3,-0.060145291652603745,72,-0.06294827066599558,simple_nonspatial,0.9554717074236323
40F2,0.053478231517547846,72,0.05006650725636416,simple_nonspatial,1.068143844021594
41E8,0.09885421993517343,72,0.08738497171541747,simple_nonspatial,1.1312496644973158
36F1,0.07551683470115894,74,0.09974387200024377,simple_nonspatial,0.7571075113363794
40F1,0.0784667315530114,74,0.07011318049974322,simple_nonspatial,1.1191438042565873
40F7,-0.1398938781821205,74,-0.14075611565334845,simple_nonspatial,0.9938742450569505
35F3,-0.05240948014091529,75,-0.04052420041025043,simple_nonspatial,1.2932884451844366
42F4,0.07162208472245968,75,0.07713071826248466,simple_nonspatial,0.9285805491752525
32F1,0.19126515900186353,76,0.2617681317844785,simple_nonspatial,0.7306663255683767
36F2,-0.0843946516122699,76,-0.07009069893905553,simple_nonspatial,1.20407775767298
42F5,0.06145478411998009,76,0.08047512248539615,simple_nonspatial,0.763649463610724
39F1,-0.06229360278541483,77,-0.043280327039220794,simple_nonspatial,1.4393052697814444
40F3,0.1304016706918389,77,0.14049888698100588,simple_nonspatial,0.9281331225739031
42F6,0.11274886479065972,77,0.16046168188161244,simple_nonspatial,0.7026528917591994
33F4,-0.016553038672051407,78,0.00563986469071066,simple_nonspatial,-2.935006348523871
36F7,-0.21298776547769438,78,-0.21992808751632986,simple_nonspatial,0.9684427663741669
38F4,-0.14455929130715017,78,-0.1458143147861568,simple_nonspatial,0.9913930022518901
39F2,0.0355712443307901,78,0.030677845191760193,simple_nonspatial,1.1595092193875542
39F5,-0.1001673895762312,78,-0.0954566692566007,simple_nonspatial,1.0493493053583027
40F4,0.2667492020222333,79,0.3184346431200876,simple_nonspatial,0.8376890133829981
41F4,0.145918460522066,79,0.17267631602565964,simple_nonspatial,0.8450403846951574
33F3,7.82723773102743e-4,82,0.041063383821206056,simple_nonspatial,0.019061355890951363
39F4,-0.05834765094612259,82,-0.0497339815642318,simple_nonspatial,1.1731948480892522
34F3,0.010485490260056638,84,0.046298748855945614,simple_nonspatial,0.22647459206038797
35F4,-0.08111376945794103,87,-0.05842115965679382,simple_nonspatial,1.3884313480673656
39F6,-0.20653711143775963,87,-0.19607303351356567,simple_nonspatial,1.053368266592713
34F4,0.008066657262905227,89,0.04124013724496019,simple_nonspatial,0.1956020954777745
37F4,-0.1783447291183983,90,-0.16771093065985393,simple_nonspatial,1.0634055181538018
36F6,-0.19385420574553555,91,-0.197587887641481,simple_nonspatial,0.9811036904108205
38F5,-0.14318009719336472,91,-0.1510212285082586,simple_nonspatial,0.948079277381424
36F3,-0.18230228539875962,92,-0.17819273290220475,simple_nonspatial,1.0230624023192363
37F3,-0.07636409893927039,92,-0.061898757003231726,simple_nonspatial,1.2336935770016098
36F4,-0.19134771455160327,93,-0.18648647270498103,simple_nonspatial,1.026067530669169
37F6,-0.07697659333278734,94,-0.05526876811068241,simple_nonspatial,1.392768392786182
37F5,-0.16989174074366042,95,-0.16815456467328846,simple_nonspatial,1.0103308291020656
38F6,-0.16983737090930198,99,-0.16567342641723465,simple_nonspatial,1.0251334482669585
39F7,-0.17764911697716718,101,-0.17486374890703013,simple_nonspatial,1.0159287907730832
36F5,-0.20218741978234858,104,-0.2042060432264511,simple_nonspatial,0.9901147712760684
37F7,-0.22955036927123024,105,-0.21909109683922426,simple_nonspatial,1.0477393768295447
38F7,-0.1920868289618496,111,-0.1956531471862492,simple_nonspatial,0.9817722419716319
