stat_rec,comparison,decade_from,decade_to,value_from,value_to,abs_change,pct_change
31F0,decade2_minus_decade1,1985-1994,1995-2004,9126.9,4005.1,-5121.799999999999,-56.11763030163582
31F1,decade2_minus_decade1,1985-1994,1995-2004,89303.7,60692.2,-28611.5,-32.03842617943042
31F2,decade2_minus_decade1,1985-1994,1995-2004,47422.8,50153.4,2730.5999999999985,5.757989827677823
31F3,decade2_minus_decade1,1985-1994,1995-2004,17907.1,25318.1,7411,41.38581903267419
32F0,decade2_minus_decade1,1985-1994,1995-2004,4615.8,5357.4,741.5999999999995,16.066554010139075
32F1,decade2_minus_decade1,1985-1994,1995-2004,40830.8,34846.6,-5984.200000000004,-14.656092949440138
32F2,decade2_minus_decade1,1985-1994,1995-2004,28849.2,24631.4,-4217.799999999999,-14.620162777477363
32F3,decade2_minus_decade1,1985-1994,1995-2004,26566.2,23336.7,-3229.5,-12.15642432865822
32F4,decade2_minus_decade1,1985-1994,1995-2004,66.8,791.2222222222223,724.4222222222223,1084.4644045242849
33F1,decade2_minus_decade1,1985-1994,1995-2004,11211.1,7429.5,-3781.6000000000004,-33.73085602661648
33F2,decade2_minus_decade1,1985-1994,1995-2004,24693.7,31613.5,6919.799999999999,28.022532062833836
33F3,decade2_minus_decade1,1985-1994,1995-2004,35469.6,48557.1,13087.5,36.89779416739969
33F4,decade2_minus_decade1,1985-1994,1995-2004,17116.8,27972.7,10855.900000000001,63.42248551131054
33F5,decade2_minus_decade1,1985-1994,1995-2004,52.77777777777778,53.25,0.47222222222222143,0.8947368421052616
34F0,decade2_minus_decade1,1985-1994,1995-2004,19203.9,12332.6,-6871.300000000001,-35.78075286790704
34F1,decade2_minus_decade1,1985-1994,1995-2004,3643.4,1671.8,-1971.6000000000001,-54.11428885107317
34F2,decade2_minus_decade1,1985-1994,1995-2004,21598.9,31478.5,9879.599999999999,45.74121830278393
34F3,decade2_minus_decade1,1985-1994,1995-2004,18665.5,27106.2,8440.7,45.22086201816185
34F4,decade2_minus_decade1,1985-1994,1995-2004,19793.4,31881.2,12087.8,61.06985156668384
34F5,decade2_minus_decade1,1985-1994,1995-2004,180.2,198.88888888888889,18.688888888888897,10.3711925021581
35F0,decade2_minus_decade1,1985-1994,1995-2004,8294,12888.5,4594.5,55.39546660236316
35F1,decade2_minus_decade1,1985-1994,1995-2004,5450.4,4913.3,-537.0999999999995,-9.854322618523401
35F2,decade2_minus_decade1,1985-1994,1995-2004,18139.7,26027.7,7888,43.48473238256421
35F3,decade2_minus_decade1,1985-1994,1995-2004,24955.9,27881.5,2925.5999999999985,11.72307951225962
35F4,decade2_minus_decade1,1985-1994,1995-2004,25565.7,33064.6,7498.899999999998,29.331878258760753
35F5,decade2_minus_decade1,1985-1994,1995-2004,6691.1,5370.5,-1320.6000000000004,-19.736665122326677
35F6,decade2_minus_decade1,1985-1994,1995-2004,207.6,539.9,332.29999999999995,160.0674373795761
35F8,decade2_minus_decade1,1985-1994,1995-2004,13.9,10.2,-3.700000000000001,-26.61870503597123
36E9,decade2_minus_decade1,1985-1994,1995-2004,544.9,250.375,-294.525,-54.05120205542301
36F0,decade2_minus_decade1,1985-1994,1995-2004,9933.4,6189.8,-3743.5999999999995,-37.68699538929268
36F1,decade2_minus_decade1,1985-1994,1995-2004,12680.1,10133.2,-2546.8999999999996,-20.085803739718138
36F2,decade2_minus_decade1,1985-1994,1995-2004,23013.2,24672.1,1658.8999999999978,7.208471659743093
36F3,decade2_minus_decade1,1985-1994,1995-2004,16798.7,25801.9,9003.2,53.59462339347688
36F4,decade2_minus_decade1,1985-1994,1995-2004,23563.4,41175.3,17611.9,74.7426093008649
36F5,decade2_minus_decade1,1985-1994,1995-2004,20801.4,26709.9,5908.5,28.40433816954628
36F6,decade2_minus_decade1,1985-1994,1995-2004,14867.6,51615,36747.4,247.16430358632192
36F7,decade2_minus_decade1,1985-1994,1995-2004,16233.9,59574.8,43340.9,266.9777441033886
36F8,decade2_minus_decade1,1985-1994,1995-2004,4882,58460.7,53578.7,1097.474395739451
37E9,decade2_minus_decade1,1985-1994,1995-2004,42072.9,29627.7,-12445.2,-29.58008599359683
37F0,decade2_minus_decade1,1985-1994,1995-2004,52022.8,34513.1,-17509.700000000004,-33.657742374497346
37F1,decade2_minus_decade1,1985-1994,1995-2004,50133.3,39509.6,-10623.700000000004,-21.190905047144323
37F2,decade2_minus_decade1,1985-1994,1995-2004,43951.7,48088.3,4136.600000000006,9.411695110769335
37F3,decade2_minus_decade1,1985-1994,1995-2004,19994,19500.3,-493.7000000000007,-2.469240772231673
37F4,decade2_minus_decade1,1985-1994,1995-2004,28703.2,36793.1,8089.899999999998,28.184662337300363
37F5,decade2_minus_decade1,1985-1994,1995-2004,22736.9,28191.4,5454.5,23.98963798934771
37F6,decade2_minus_decade1,1985-1994,1995-2004,31470.7,35777.3,4306.600000000002,13.684474765416729
37F7,decade2_minus_decade1,1985-1994,1995-2004,43395.6,39305.4,-4090.199999999997,-9.425379531565406
37F8,decade2_minus_decade1,1985-1994,1995-2004,28703.7,99834.7,71131,247.81125778209778
38E8,decade2_minus_decade1,1985-1994,1995-2004,32913,28084.2,-4828.799999999999,-14.671406435147205
38E9,decade2_minus_decade1,1985-1994,1995-2004,42866.3,29262.9,-13603.400000000001,-31.734486064810824
38F0,decade2_minus_decade1,1985-1994,1995-2004,23626.5,13618.3,-10008.2,-42.36006179501831
38F1,decade2_minus_decade1,1985-1994,1995-2004,31088.4,20537.9,-10550.5,-33.93709550829248
38F2,decade2_minus_decade1,1985-1994,1995-2004,13033,12248.1,-784.8999999999996,-6.022404665080946
38F3,decade2_minus_decade1,1985-1994,1995-2004,13829.6,12040.8,-1788.800000000001,-12.934575114247709
38F4,decade2_minus_decade1,1985-1994,1995-2004,19356.1,19943.3,587.2000000000007,3.033668972571958
38F5,decade2_minus_decade1,1985-1994,1995-2004,12084.7,13879.7,1795,14.853492432580039
38F6,decade2_minus_decade1,1985-1994,1995-2004,25014.5,26238.7,1224.2000000000007,4.8939615023286525
38F7,decade2_minus_decade1,1985-1994,1995-2004,30219.8,20769.6,-9450.2,-31.271550440439718
38F8,decade2_minus_decade1,1985-1994,1995-2004,4050.5,63421.3,59370.8,1465.7647204048883
39E8,decade2_minus_decade1,1985-1994,1995-2004,73393,33611.3,-39781.7,-54.20367064978948
39E9,decade2_minus_decade1,1985-1994,1995-2004,22712.1,26953.2,4241.100000000002,18.673306299285414
39F0,decade2_minus_decade1,1985-1994,1995-2004,17492.9,6248.8,-11244.100000000002,-64.27807853471981
39F1,decade2_minus_decade1,1985-1994,1995-2004,30147.6,22665.6,-7482,-24.817895951916572
39F2,decade2_minus_decade1,1985-1994,1995-2004,12762,10227.9,-2534.1000000000004,-19.856605547719795
39F3,decade2_minus_decade1,1985-1994,1995-2004,19124.4,17966.7,-1157.7000000000007,-6.053523247788169
39F4,decade2_minus_decade1,1985-1994,1995-2004,21556.5,18838.4,-2718.0999999999985,-12.60918980353953
39F5,decade2_minus_decade1,1985-1994,1995-2004,19834.6,16465.7,-3368.899999999998,-16.98496566605829
39F6,decade2_minus_decade1,1985-1994,1995-2004,49576.1,52284.6,2708.5,5.463318010089539
39F7,decade2_minus_decade1,1985-1994,1995-2004,53657,37682.4,-15974.599999999999,-29.77169800771567
39F8,decade2_minus_decade1,1985-1994,1995-2004,17754.6,51606.3,33851.700000000004,190.66439120002707
40E6,decade2_minus_decade1,1985-1994,1995-2004,55.6,45.8,-9.800000000000004,-17.62589928057555
40E7,decade2_minus_decade1,1985-1994,1995-2004,23114.3,15265.3,-7849,-33.95733377173438
40E8,decade2_minus_decade1,1985-1994,1995-2004,20111.7,6304.2,-13807.5,-68.65406703560613
40E9,decade2_minus_decade1,1985-1994,1995-2004,4841.4,2767.4,-2073.9999999999995,-42.83884826703019
40F0,decade2_minus_decade1,1985-1994,1995-2004,6417.1,2406.1,-4011.0000000000005,-62.50486980100046
40F1,decade2_minus_decade1,1985-1994,1995-2004,6778,3119.2,-3658.8,-53.980525228681024
40F2,decade2_minus_decade1,1985-1994,1995-2004,7411.3,3562,-3849.3,-51.9382564462375
40F3,decade2_minus_decade1,1985-1994,1995-2004,11901.1,6645.3,-5255.8,-44.16230432481031
40F4,decade2_minus_decade1,1985-1994,1995-2004,17165.4,14881.9,-2283.500000000002,-13.302923322497591
40F5,decade2_minus_decade1,1985-1994,1995-2004,28984.7,29477.6,492.8999999999978,1.700552360383229
40F6,decade2_minus_decade1,1985-1994,1995-2004,25138.4,23343.5,-1794.9000000000015,-7.140072558317161
40F7,decade2_minus_decade1,1985-1994,1995-2004,38829.6,27046.5,-11783.099999999999,-30.345664132517456
40F8,decade2_minus_decade1,1985-1994,1995-2004,3433.1,17857.8,14424.699999999999,420.16544813725204
41E6,decade2_minus_decade1,1985-1994,1995-2004,4388.6,15606.9,11218.3,255.62366130428836
41E7,decade2_minus_decade1,1985-1994,1995-2004,67036.7,40463.6,-26573.1,-39.63963023239509
41E8,decade2_minus_decade1,1985-1994,1995-2004,8017.2,5971.5,-2045.6999999999998,-25.516389762011674
41E9,decade2_minus_decade1,1985-1994,1995-2004,2290,2690.3,400.3000000000002,17.480349344978173
41F0,decade2_minus_decade1,1985-1994,1995-2004,6123,3086.3,-3036.7,-49.59496978605259
41F1,decade2_minus_decade1,1985-1994,1995-2004,5365.4,2117.7,-3247.7,-60.53043575502293
41F2,decade2_minus_decade1,1985-1994,1995-2004,4574.5,3067.7,-1506.8000000000002,-32.93911902940213
41F3,decade2_minus_decade1,1985-1994,1995-2004,8167.1,6004.4,-2162.7000000000007,-26.480635721369893
41F4,decade2_minus_decade1,1985-1994,1995-2004,12379.6,7642.6,-4737,-38.264564283175545
41F5,decade2_minus_decade1,1985-1994,1995-2004,39226.3,28181.5,-11044.800000000003,-28.156619410956427
41F6,decade2_minus_decade1,1985-1994,1995-2004,36384.9,27433.8,-8951.100000000002,-24.601139483686918
41F7,decade2_minus_decade1,1985-1994,1995-2004,41046.1,32701.7,-8344.399999999998,-20.329337013747953
41F8,decade2_minus_decade1,1985-1994,1995-2004,1929.4,2976.7,1047.2999999999997,54.281123665388186
42E7,decade2_minus_decade1,1985-1994,1995-2004,15970.3,6319.5,-9650.8,-60.42967257972611
42E8,decade2_minus_decade1,1985-1994,1995-2004,6934.5,1851.5,-5083,-73.30016583747927
42E9,decade2_minus_decade1,1985-1994,1995-2004,3060.4,2289.2,-771.2000000000003,-25.199320350281017
42F0,decade2_minus_decade1,1985-1994,1995-2004,9410.6,7023.9,-2386.7000000000007,-25.361826025970718
42F1,decade2_minus_decade1,1985-1994,1995-2004,2765.9,1164.2,-1601.7,-57.908818106222206
42F2,decade2_minus_decade1,1985-1994,1995-2004,3884.9,2861,-1023.9000000000001,-26.355890756518832
42F3,decade2_minus_decade1,1985-1994,1995-2004,9803.3,4162.6,-5640.699999999999,-57.5387879591566
42F4,decade2_minus_decade1,1985-1994,1995-2004,11510.4,6803.2,-4707.2,-40.89519043647484
42F5,decade2_minus_decade1,1985-1994,1995-2004,12110,7666.4,-4443.6,-36.69364161849712
42F6,decade2_minus_decade1,1985-1994,1995-2004,28019,27817.3,-201.70000000000073,-0.719868660551771
42F7,decade2_minus_decade1,1985-1994,1995-2004,41149.2,33562,-7587.199999999997,-18.438268544710464
42F8,decade2_minus_decade1,1985-1994,1995-2004,7404.3,10141.6,2737.3,36.96905852004916
43E7,decade2_minus_decade1,1985-1994,1995-2004,2301.8,686.8,-1615.0000000000002,-70.16248153618908
43E8,decade2_minus_decade1,1985-1994,1995-2004,19754.5,5166.7,-14587.8,-73.84545293477436
43E9,decade2_minus_decade1,1985-1994,1995-2004,6899.7,4363,-2536.7,-36.765366610142465
43F0,decade2_minus_decade1,1985-1994,1995-2004,6485,2501.8,-3983.2,-61.42174248265228
43F1,decade2_minus_decade1,1985-1994,1995-2004,2761.8,995.6,-1766.2000000000003,-63.951046419002104
43F2,decade2_minus_decade1,1985-1994,1995-2004,2570.2,1728.9,-841.2999999999997,-32.73286125593338
43F3,decade2_minus_decade1,1985-1994,1995-2004,6752.5,3302.5,-3450,-51.09218807848945
43F4,decade2_minus_decade1,1985-1994,1995-2004,17726.9,8628.4,-9098.500000000002,-51.325950955891905
43F5,decade2_minus_decade1,1985-1994,1995-2004,21711.6,9251.9,-12459.699999999999,-57.38729527073086
43F6,decade2_minus_decade1,1985-1994,1995-2004,18963.1,14934.8,-4028.2999999999993,-21.242834768576866
43F7,decade2_minus_decade1,1985-1994,1995-2004,52647.3,46577.1,-6070.200000000004,-11.529936008114385
44E6,decade2_minus_decade1,1985-1994,1995-2004,26435.3,21186.7,-5248.5999999999985,-19.854512715951774
44E7,decade2_minus_decade1,1985-1994,1995-2004,48175.4,17696.5,-30478.9,-63.26652191782528
44E8,decade2_minus_decade1,1985-1994,1995-2004,34297,8016.4,-26280.6,-76.62652710149575
44E9,decade2_minus_decade1,1985-1994,1995-2004,15043.5,9456,-5587.5,-37.14228736663675
44F0,decade2_minus_decade1,1985-1994,1995-2004,22027,14034.5,-7992.5,-36.285013846642755
44F1,decade2_minus_decade1,1985-1994,1995-2004,4923.6,2067.8,-2855.8,-58.002274758306925
44F2,decade2_minus_decade1,1985-1994,1995-2004,9616.5,3235.9,-6380.6,-66.3505433369729
44F3,decade2_minus_decade1,1985-1994,1995-2004,19223.3,6172.300000000001,-13050.999999999998,-67.89156908543278
44F4,decade2_minus_decade1,1985-1994,1995-2004,12586.4,5627.3,-6959.0999999999995,-55.290631157439776
44F5,decade2_minus_decade1,1985-1994,1995-2004,21698.7,25547.2,3848.5,17.736085571946706
44F6,decade2_minus_decade1,1985-1994,1995-2004,19917.6,20176.7,259.1000000000022,1.300859541310209
45E6,decade2_minus_decade1,1985-1994,1995-2004,1961.6,739.1,-1222.5,-62.321574225122355
45E7,decade2_minus_decade1,1985-1994,1995-2004,8893,2932.6,-5960.4,-67.0235016304959
45E8,decade2_minus_decade1,1985-1994,1995-2004,30613.7,15878.8,-14734.900000000001,-48.13171880563278
45E9,decade2_minus_decade1,1985-1994,1995-2004,18749.3,16320.6,-2428.699999999999,-12.953550265876586
45F0,decade2_minus_decade1,1985-1994,1995-2004,71347.9,39462.6,-31885.299999999996,-44.68989276488866
45F1,decade2_minus_decade1,1985-1994,1995-2004,19133.9,8924.4,-10209.500000000002,-53.35817580315566
45F2,decade2_minus_decade1,1985-1994,1995-2004,7513.5,3153.5,-4360,-58.028881346908896
45F3,decade2_minus_decade1,1985-1994,1995-2004,9232.9,7799.7,-1433.1999999999998,-15.522750165170203
45F4,decade2_minus_decade1,1985-1994,1995-2004,17116.7,18484.9,1368.2000000000007,7.993363206692882
45F5,decade2_minus_decade1,1985-1994,1995-2004,7130.1,8879.4,1749.2999999999993,24.53401775571169
45F6,decade2_minus_decade1,1985-1994,1995-2004,286,207.2,-78.80000000000001,-27.552447552447557
46E6,decade2_minus_decade1,1985-1994,1995-2004,44.3,4506.5,4462.2,10072.686230248308
46E7,decade2_minus_decade1,1985-1994,1995-2004,2677.1,690.2,-1986.8999999999999,-74.21837062492996
46E8,decade2_minus_decade1,1985-1994,1995-2004,7738.7,7300,-438.6999999999998,-5.668910798971401
46E9,decade2_minus_decade1,1985-1994,1995-2004,15879.3,13054.6,-2824.699999999999,-17.78856750612432
46F0,decade2_minus_decade1,1985-1994,1995-2004,32325.4,20175.5,-12149.900000000001,-37.58623249828309
46F1,decade2_minus_decade1,1985-1994,1995-2004,6283,5840,-443,-7.050771924240013
46F2,decade2_minus_decade1,1985-1994,1995-2004,2492,1003.8999999999999,-1488.1000000000001,-59.71508828250401
46F3,decade2_minus_decade1,1985-1994,1995-2004,13819.6,15551.5,1731.8999999999996,12.532200642565629
46F4,decade2_minus_decade1,1985-1994,1995-2004,1151.3,1428.3,277,24.05975853383132
46F5,decade2_minus_decade1,1985-1994,1995-2004,286.7,313.6,26.900000000000034,9.382629926752717
46F6,decade2_minus_decade1,1985-1994,1995-2004,8,27,19,237.5
47E6,decade2_minus_decade1,1985-1994,1995-2004,925,11911.600000000002,10986.600000000002,1187.740540540541
47E7,decade2_minus_decade1,1985-1994,1995-2004,2653.5,955.7999999999998,-1697.7000000000003,-63.97964951950255
47E8,decade2_minus_decade1,1985-1994,1995-2004,4218.8,1611.6,-2607.2000000000003,-61.799563857020956
47E9,decade2_minus_decade1,1985-1994,1995-2004,11672.5,10347.7,-1324.7999999999993,-11.349753694581276
47F0,decade2_minus_decade1,1985-1994,1995-2004,13649.1,10244.7,-3404.3999999999996,-24.942303888168446
47F1,decade2_minus_decade1,1985-1994,1995-2004,4298.1,3086.4,-1211.7000000000003,-28.19152648844839
47F2,decade2_minus_decade1,1985-1994,1995-2004,5363.7,4811.9,-551.8000000000002,-10.287674553013781
47F3,decade2_minus_decade1,1985-1994,1995-2004,12673.9,17833,5159.1,40.70649129312998
47F4,decade2_minus_decade1,1985-1994,1995-2004,158.2,280,121.80000000000001,76.99115044247789
47F5,decade2_minus_decade1,1985-1994,1995-2004,131.4,146.2,14.799999999999983,11.263318112633167
48E6,decade2_minus_decade1,1985-1994,1995-2004,1798.5,7601,5802.5,322.62996941896023
48E7,decade2_minus_decade1,1985-1994,1995-2004,2043.9,4195.8,2151.9,105.28401585204755
48E8,decade2_minus_decade1,1985-1994,1995-2004,11322.3,4641.2,-6681.0999999999995,-59.00832869646627
48E9,decade2_minus_decade1,1985-1994,1995-2004,5807.7,3874.8,-1932.8999999999996,-33.28167777261222
48F0,decade2_minus_decade1,1985-1994,1995-2004,6371.5,6290.6,-80.89999999999964,-1.2697167072117967
48F1,decade2_minus_decade1,1985-1994,1995-2004,2120.3,1518,-602.3000000000002,-28.40635759090695
48F2,decade2_minus_decade1,1985-1994,1995-2004,2737.3,1533,-1204.3000000000002,-43.99590837686772
48F3,decade2_minus_decade1,1985-1994,1995-2004,11009.8,18627.3,7617.5,69.1883594615706
48F4,decade2_minus_decade1,1985-1994,1995-2004,171.3,1190.1,1018.8,594.7460595446585
48F5,decade2_minus_decade1,1985-1994,1995-2004,93.1,154.6,61.5,66.05800214822771
49E6,decade2_minus_decade1,1985-1994,1995-2004,4413.3,9122.8,4709.499999999999,106.71153105385989
49E7,decade2_minus_decade1,1985-1994,1995-2004,2184.3,7606.800000000001,5422.500000000001,248.24886691388548
49E8,decade2_minus_decade1,1985-1994,1995-2004,241.8,3919.8,3678,1521.091811414392
49E9,decade2_minus_decade1,1985-1994,1995-2004,10127.8,9194.5,-933.2999999999993,-9.21522936866841
49F0,decade2_minus_decade1,1985-1994,1995-2004,24327.9,12204.4,-12123.500000000002,-49.83372999724597
49F1,decade2_minus_decade1,1985-1994,1995-2004,11765.2,4908.4,-6856.800000000001,-58.28035222520655
49F2,decade2_minus_decade1,1985-1994,1995-2004,2985.6,2527.6,-458,-15.340300107181136
49F3,decade2_minus_decade1,1985-1994,1995-2004,10293.3,17472.2,7178.9000000000015,69.74342533492661
49F4,decade2_minus_decade1,1985-1994,1995-2004,110.5,1271.4,1160.9,1050.5882352941178
49F5,decade2_minus_decade1,1985-1994,1995-2004,33.5,75,41.5,123.88059701492537
50E6,decade2_minus_decade1,1985-1994,1995-2004,1294.4,2302.7,1008.2999999999997,77.89709517923359
50E7,decade2_minus_decade1,1985-1994,1995-2004,8072.7,8961,888.3000000000002,11.003753391058755
50E8,decade2_minus_decade1,1985-1994,1995-2004,3043.6,16400.2,13356.6,438.8421605992903
50E9,decade2_minus_decade1,1985-1994,1995-2004,19884.8,23680.2,3795.4000000000015,19.086940778886394
50F0,decade2_minus_decade1,1985-1994,1995-2004,12278.4,6780.1,-5498.299999999999,-44.78026452958039
50F1,decade2_minus_decade1,1985-1994,1995-2004,7587.4,4138.1,-3449.2999999999993,-45.46089569549516
50F2,decade2_minus_decade1,1985-1994,1995-2004,4088.5,6530.6,2442.1000000000004,59.73095267212915
50F3,decade2_minus_decade1,1985-1994,1995-2004,5326.3,9004.7,3678.4000000000005,69.06107429172222
50F4,decade2_minus_decade1,1985-1994,1995-2004,3835.3,3321.2,-514.1000000000004,-13.404427293823177
50F5,decade2_minus_decade1,1985-1994,1995-2004,114,49,-65,-57.01754385964912
51E6,decade2_minus_decade1,1985-1994,1995-2004,27.833333333333336,87.875,60.041666666666664,215.71856287425146
51E7,decade2_minus_decade1,1985-1994,1995-2004,760.9,930.3,169.39999999999998,22.263109475620972
51E8,decade2_minus_decade1,1985-1994,1995-2004,8452,12075.2,3623.2000000000007,42.867960246095606
51E9,decade2_minus_decade1,1985-1994,1995-2004,13545.5,8035.9,-5509.6,-40.67476283636632
51F0,decade2_minus_decade1,1985-1994,1995-2004,8983.2,3917.5,-5065.700000000001,-56.39081841659988
51F1,decade2_minus_decade1,1985-1994,1995-2004,6903,7196.4,293.39999999999964,4.250325945241194
51F2,decade2_minus_decade1,1985-1994,1995-2004,10510.2,13399.5,2889.2999999999993,27.49043786036421
51F3,decade2_minus_decade1,1985-1994,1995-2004,880.7,306,-574.7,-65.25491086635631
51F4,decade2_minus_decade1,1985-1994,1995-2004,53.9,40.5,-13.399999999999999,-24.860853432282
52E6,decade2_minus_decade1,1985-1994,1995-2004,57.75,190.66666666666669,132.91666666666669,230.15873015873018
52E7,decade2_minus_decade1,1985-1994,1995-2004,90.5,69.4,-21.099999999999994,-23.31491712707182
52E8,decade2_minus_decade1,1985-1994,1995-2004,1192.6,998.3,-194.29999999999995,-16.29213483146067
52E9,decade2_minus_decade1,1985-1994,1995-2004,8485.8,5088.9,-3396.8999999999996,-40.03040373329562
52F0,decade2_minus_decade1,1985-1994,1995-2004,10667.8,5378.8,-5288.999999999999,-49.57910721985788
52F1,decade2_minus_decade1,1985-1994,1995-2004,11101.1,8939.4,-2161.7000000000007,-19.472845033375076
52F2,decade2_minus_decade1,1985-1994,1995-2004,950.1,973.1,23,2.4207978107567625
52F3,decade2_minus_decade1,1985-1994,1995-2004,212.3,56.7,-155.60000000000002,-73.29251059821009
52F4,decade2_minus_decade1,1985-1994,1995-2004,125.4,35.42857142857143,-89.97142857142858,-71.74755069491911
31F0,decade3_minus_decade2,1995-2004,2005-2015,4005.1,3612,-393.0999999999999,-9.81498589298644
31F1,decade3_minus_decade2,1995-2004,2005-2015,60692.2,26228.272727272728,-34463.92727272727,-56.784771803835206
31F2,decade3_minus_decade2,1995-2004,2005-2015,50153.4,39177.27272727273,-10976.127272727274,-21.885111024830366
31F3,decade3_minus_decade2,1995-2004,2005-2015,25318.1,21276.363636363636,-4041.7363636363625,-15.963821786138622
32F0,decade3_minus_decade2,1995-2004,2005-2015,5357.4,1197.5454545454545,-4159.854545454546,-77.6468911310439
32F1,decade3_minus_decade2,1995-2004,2005-2015,34846.6,26752.090909090908,-8094.50909090909,-23.228978123860266
32F2,decade3_minus_decade2,1995-2004,2005-2015,24631.4,30155.454545454544,5524.054545454543,22.426880102042684
32F3,decade3_minus_decade2,1995-2004,2005-2015,23336.7,37549,14212.3,60.90106998847309
32F4,decade3_minus_decade2,1995-2004,2005-2015,791.2222222222223,1164.909090909091,373.6868686868687,47.229066397722484
33F1,decade3_minus_decade2,1995-2004,2005-2015,7429.5,5771.909090909091,-1657.590909090909,-22.310934909360107
33F2,decade3_minus_decade2,1995-2004,2005-2015,31613.5,20846.18181818182,-10767.31818181818,-34.059241089465516
33F3,decade3_minus_decade2,1995-2004,2005-2015,48557.1,25954,-22603.1,-46.549526227884286
33F4,decade3_minus_decade2,1995-2004,2005-2015,27972.7,20674.363636363636,-7298.336363636365,-26.090925665510888
33F5,decade3_minus_decade2,1995-2004,2005-2015,53.25,8.5,-44.75,-84.03755868544602
34F0,decade3_minus_decade2,1995-2004,2005-2015,12332.6,8938.454545454546,-3394.1454545454544,-27.521734707567376
34F1,decade3_minus_decade2,1995-2004,2005-2015,1671.8,560.1818181818181,-1111.6181818181817,-66.4922946415948
34F2,decade3_minus_decade2,1995-2004,2005-2015,31478.5,22103.363636363636,-9375.136363636364,-29.782665513402364
34F3,decade3_minus_decade2,1995-2004,2005-2015,27106.2,18392.454545454544,-8713.745454545457,-32.14668767494321
34F4,decade3_minus_decade2,1995-2004,2005-2015,31881.2,26879.18181818182,-5002.018181818181,-15.68955428847779
34F5,decade3_minus_decade2,1995-2004,2005-2015,198.88888888888889,888.1111111111111,689.2222222222222,346.536312849162
35F0,decade3_minus_decade2,1995-2004,2005-2015,12888.5,7025.636363636364,-5862.863636363636,-45.48910762589624
35F1,decade3_minus_decade2,1995-2004,2005-2015,4913.3,2354.5454545454545,-2558.7545454545457,-52.078125607118345
35F2,decade3_minus_decade2,1995-2004,2005-2015,26027.7,12032.727272727272,-13994.972727272729,-53.76953294863829
35F3,decade3_minus_decade2,1995-2004,2005-2015,27881.5,14973.636363636364,-12907.863636363636,-46.295441910814105
35F4,decade3_minus_decade2,1995-2004,2005-2015,33064.6,26377.545454545456,-6687.054545454543,-20.224211227277944
35F5,decade3_minus_decade2,1995-2004,2005-2015,5370.5,36526.36363636364,31155.86363636364,580.129664581764
35F6,decade3_minus_decade2,1995-2004,2005-2015,539.9,6273.818181818182,5733.918181818182,1062.0333731835863
35F8,decade3_minus_decade2,1995-2004,2005-2015,10.2,650.6,640.4,6278.43137254902
36E9,decade3_minus_decade2,1995-2004,2005-2015,250.375,92.11111111111111,-158.26388888888889,-63.21073944638598
36F0,decade3_minus_decade2,1995-2004,2005-2015,6189.8,2879.2727272727275,-3310.5272727272727,-53.48359030545854
36F1,decade3_minus_decade2,1995-2004,2005-2015,10133.2,3280.5454545454545,-6852.654545454547,-67.62577019554087
36F2,decade3_minus_decade2,1995-2004,2005-2015,24672.1,12250.636363636364,-12421.463636363635,-50.34619524225192
36F3,decade3_minus_decade2,1995-2004,2005-2015,25801.9,15279.90909090909,-10521.990909090911,-40.77990732888241
36F4,decade3_minus_decade2,1995-2004,2005-2015,41175.3,21479.090909090908,-19696.209090909095,-47.8350105303643
36F5,decade3_minus_decade2,1995-2004,2005-2015,26709.9,19339.18181818182,-7370.718181818182,-27.595454051936475
36F6,decade3_minus_decade2,1995-2004,2005-2015,51615,50642.63636363636,-972.3636363636397,-1.8838780129102775
36F7,decade3_minus_decade2,1995-2004,2005-2015,59574.8,46270.63636363636,-13304.163636363643,-22.331864540650816
36F8,decade3_minus_decade2,1995-2004,2005-2015,58460.7,47458.36363636364,-11002.336363636357,-18.82005580438886
37E9,decade3_minus_decade2,1995-2004,2005-2015,29627.7,6590.545454545454,-23037.15454545455,-77.75546041526864
37F0,decade3_minus_decade2,1995-2004,2005-2015,34513.1,7245.090909090909,-27268.00909090909,-79.00770748182312
37F1,decade3_minus_decade2,1995-2004,2005-2015,39509.6,9533.818181818182,-29975.781818181815,-75.86961603808142
37F2,decade3_minus_decade2,1995-2004,2005-2015,48088.3,17456.454545454544,-30631.84545454546,-63.69916477510217
37F3,decade3_minus_decade2,1995-2004,2005-2015,19500.3,6023.363636363636,-13476.936363636363,-69.11143091971078
37F4,decade3_minus_decade2,1995-2004,2005-2015,36793.1,14057.272727272728,-22735.82727272727,-61.793725651622914
37F5,decade3_minus_decade2,1995-2004,2005-2015,28191.4,16051.818181818182,-12139.58181818182,-43.061294643692115
37F6,decade3_minus_decade2,1995-2004,2005-2015,35777.3,15173,-20604.300000000003,-57.590427449807564
37F7,decade3_minus_decade2,1995-2004,2005-2015,39305.4,21853.909090909092,-17451.49090909091,-44.39972855915704
37F8,decade3_minus_decade2,1995-2004,2005-2015,99834.7,95493.45454545454,-4341.245454545453,-4.348433414980415
38E8,decade3_minus_decade2,1995-2004,2005-2015,28084.2,29610,1525.7999999999993,5.43294806332386
38E9,decade3_minus_decade2,1995-2004,2005-2015,29262.9,11153.727272727272,-18109.17272727273,-61.884409020543856
38F0,decade3_minus_decade2,1995-2004,2005-2015,13618.3,1798.3636363636363,-11819.936363636363,-86.79450712376995
38F1,decade3_minus_decade2,1995-2004,2005-2015,20537.9,6510.909090909091,-14026.99090909091,-68.2980777445158
38F2,decade3_minus_decade2,1995-2004,2005-2015,12248.1,2772,-9476.1,-77.36791828936732
38F3,decade3_minus_decade2,1995-2004,2005-2015,12040.8,2901.818181818182,-9138.981818181817,-75.90012140540345
38F4,decade3_minus_decade2,1995-2004,2005-2015,19943.3,5263.818181818182,-14679.481818181817,-73.6060823343269
38F5,decade3_minus_decade2,1995-2004,2005-2015,13879.7,6540.181818181818,-7339.518181818183,-52.879515996874446
38F6,decade3_minus_decade2,1995-2004,2005-2015,26238.7,10736.727272727272,-15501.972727272729,-59.08056697653744
38F7,decade3_minus_decade2,1995-2004,2005-2015,20769.6,15897.545454545454,-4872.0545454545445,-23.457623379624764
38F8,decade3_minus_decade2,1995-2004,2005-2015,63421.3,50786.09090909091,-12635.209090909091,-19.92265861927947
39E8,decade3_minus_decade2,1995-2004,2005-2015,33611.3,24833.545454545456,-8777.754545454547,-26.115486593659117
39E9,decade3_minus_decade2,1995-2004,2005-2015,26953.2,12670.545454545454,-14282.654545454547,-52.99057086154722
39F0,decade3_minus_decade2,1995-2004,2005-2015,6248.8,2190,-4058.8,-64.95327102803738
39F1,decade3_minus_decade2,1995-2004,2005-2015,22665.6,11078,-11587.599999999999,-51.12417054920231
39F2,decade3_minus_decade2,1995-2004,2005-2015,10227.9,2370.5454545454545,-7857.354545454546,-76.82275487103459
39F3,decade3_minus_decade2,1995-2004,2005-2015,17966.7,4687.272727272727,-13279.427272727273,-73.91133192365471
39F4,decade3_minus_decade2,1995-2004,2005-2015,18838.4,4480.545454545455,-14357.854545454546,-76.21589171826983
39F5,decade3_minus_decade2,1995-2004,2005-2015,16465.7,7598.272727272727,-8867.427272727273,-53.853934377082496
39F6,decade3_minus_decade2,1995-2004,2005-2015,52284.6,18332.363636363636,-33952.23636363636,-64.937355098129
39F7,decade3_minus_decade2,1995-2004,2005-2015,37682.4,14861.90909090909,-22820.490909090913,-60.560078203858865
39F8,decade3_minus_decade2,1995-2004,2005-2015,51606.3,49592.09090909091,-2014.2090909090912,-3.9030294574675786
40E6,decade3_minus_decade2,1995-2004,2005-2015,45.8,20,-25.799999999999997,-56.331877729257634
40E7,decade3_minus_decade2,1995-2004,2005-2015,15265.3,6497.090909090909,-8768.209090909091,-57.43882590521701
40E8,decade3_minus_decade2,1995-2004,2005-2015,6304.2,1534.4545454545455,-4769.745454545455,-75.65980543995201
40E9,decade3_minus_decade2,1995-2004,2005-2015,2767.4,1252,-1515.4,-54.758979547589796
40F0,decade3_minus_decade2,1995-2004,2005-2015,2406.1,380.1818181818182,-2025.9181818181817,-84.1992511457621
40F1,decade3_minus_decade2,1995-2004,2005-2015,3119.2,625.3636363636364,-2493.8363636363633,-79.95115297628762
40F2,decade3_minus_decade2,1995-2004,2005-2015,3562,1217.8181818181818,-2344.181818181818,-65.81083150426215
40F3,decade3_minus_decade2,1995-2004,2005-2015,6645.3,1818.2727272727273,-4827.027272727273,-72.63821456860146
40F4,decade3_minus_decade2,1995-2004,2005-2015,14881.9,5462.363636363636,-9419.536363636364,-63.295253721879355
40F5,decade3_minus_decade2,1995-2004,2005-2015,29477.6,16719.636363636364,-12757.963636363635,-43.280197968503664
40F6,decade3_minus_decade2,1995-2004,2005-2015,23343.5,9437.181818181818,-13906.318181818182,-59.572549882486264
40F7,decade3_minus_decade2,1995-2004,2005-2015,27046.5,23304.363636363636,-3742.136363636364,-13.835935753743975
40F8,decade3_minus_decade2,1995-2004,2005-2015,17857.8,18614.272727272728,756.4727272727287,4.236091384564329
41E6,decade3_minus_decade2,1995-2004,2005-2015,15606.9,8981.6,-6625.299999999999,-42.45109534885211
41E7,decade3_minus_decade2,1995-2004,2005-2015,40463.6,24888.636363636364,-15574.963636363635,-38.49129498206693
41E8,decade3_minus_decade2,1995-2004,2005-2015,5971.5,663.1818181818182,-5308.318181818182,-88.89421722880654
41E9,decade3_minus_decade2,1995-2004,2005-2015,2690.3,346.3636363636364,-2343.9363636363637,-87.12546420980425
41F0,decade3_minus_decade2,1995-2004,2005-2015,3086.3,1245.6363636363637,-1840.6636363636364,-59.63981584303653
41F1,decade3_minus_decade2,1995-2004,2005-2015,2117.7,958.1818181818182,-1159.5181818181816,-54.75365641111497
41F2,decade3_minus_decade2,1995-2004,2005-2015,3067.7,1278.8181818181818,-1788.881818181818,-58.313453668279756
41F3,decade3_minus_decade2,1995-2004,2005-2015,6004.4,1839.1818181818182,-4165.218181818182,-69.36943211341986
41F4,decade3_minus_decade2,1995-2004,2005-2015,7642.6,2183.3636363636365,-5459.236363636364,-71.43166414095157
41F5,decade3_minus_decade2,1995-2004,2005-2015,28181.5,18179.272727272728,-10002.227272727272,-35.49217491165223
41F6,decade3_minus_decade2,1995-2004,2005-2015,27433.8,9487.09090909091,-17946.70909090909,-65.418239875296507
41F7,decade3_minus_decade2,1995-2004,2005-2015,32701.7,11531.727272727272,-21169.97272727273,-64.73661224729213
41F8,decade3_minus_decade2,1995-2004,2005-2015,2976.7,4151.363636363636,1174.6636363636362,39.46194229729688
42E7,decade3_minus_decade2,1995-2004,2005-2015,6319.5,2064.5454545454545,-4254.954545454546,-67.33055693416482
42E8,decade3_minus_decade2,1995-2004,2005-2015,1851.5,190.8,-1660.7,-89.6948420199838
42E9,decade3_minus_decade2,1995-2004,2005-2015,2289.2,260.72727272727275,-2028.472727272727,-88.61055072832113
42F0,decade3_minus_decade2,1995-2004,2005-2015,7023.9,3626.6363636363635,-3397.263636363636,-48.36719822838645
42F1,decade3_minus_decade2,1995-2004,2005-2015,1164.2,889.9090909090909,-274.29090909090917,-23.560462900782436
42F2,decade3_minus_decade2,1995-2004,2005-2015,2861,1594.4545454545455,-1266.5454545454545,-44.26932731721267
42F3,decade3_minus_decade2,1995-2004,2005-2015,4162.6,1455.1818181818182,-2707.4181818181823,-65.04151688411527
42F4,decade3_minus_decade2,1995-2004,2005-2015,6803.2,1753.4545454545455,-5049.745454545455,-74.22603266911828
42F5,decade3_minus_decade2,1995-2004,2005-2015,7666.4,4756.181818181818,-2910.2181818181816,-37.96068796068796
42F6,decade3_minus_decade2,1995-2004,2005-2015,27817.3,12264.09090909091,-15553.20909090909,-55.912001132062024
42F7,decade3_minus_decade2,1995-2004,2005-2015,33562,16677.727272727272,-16884.272727272728,-50.307707309673816
42F8,decade3_minus_decade2,1995-2004,2005-2015,10141.6,3760.4545454545455,-6381.145454545454,-62.92050026174819
43E7,decade3_minus_decade2,1995-2004,2005-2015,686.8,131.6,-555.1999999999999,-80.83867210250436
43E8,decade3_minus_decade2,1995-2004,2005-2015,5166.7,518.5454545454545,-4648.154545454545,-89.96370111395174
43E9,decade3_minus_decade2,1995-2004,2005-2015,4363,1057.8181818181818,-3305.181818181818,-75.7547975746463
43F0,decade3_minus_decade2,1995-2004,2005-2015,2501.8,424.45454545454544,-2077.3454545454547,-83.03403367757033
43F1,decade3_minus_decade2,1995-2004,2005-2015,995.6,369.6363636363636,-625.9636363636364,-62.87300485773768
43F2,decade3_minus_decade2,1995-2004,2005-2015,1728.9,691.6363636363636,-1037.2636363636366,-59.99558310854512
43F3,decade3_minus_decade2,1995-2004,2005-2015,3302.5,1912.2727272727273,-1390.2272727272727,-42.09620810680614
43F4,decade3_minus_decade2,1995-2004,2005-2015,8628.4,1677.7272727272727,-6950.672727272727,-80.5557545694767
43F5,decade3_minus_decade2,1995-2004,2005-2015,9251.9,3409.5454545454545,-5842.354545454546,-63.14761881834592
43F6,decade3_minus_decade2,1995-2004,2005-2015,14934.8,8978.09090909091,-5956.709090909089,-39.884759694867626
43F7,decade3_minus_decade2,1995-2004,2005-2015,46577.1,28893.81818181818,-17683.28181818182,-37.96561361308845
44E6,decade3_minus_decade2,1995-2004,2005-2015,21186.7,13901.454545454546,-7285.245454545455,-34.38593766157757
44E7,decade3_minus_decade2,1995-2004,2005-2015,17696.5,8559,-9137.5,-51.6345039979657
44E8,decade3_minus_decade2,1995-2004,2005-2015,8016.4,1544.4545454545453,-6471.945454545455,-80.73381386339821
44E9,decade3_minus_decade2,1995-2004,2005-2015,9456,3591.818181818182,-5864.181818181818,-62.015459160129204
44F0,decade3_minus_decade2,1995-2004,2005-2015,14034.5,3538.2727272727275,-10496.227272727272,-74.78875109713401
44F1,decade3_minus_decade2,1995-2004,2005-2015,2067.8,547.5454545454545,-1520.2545454545457,-73.5203861811851
44F2,decade3_minus_decade2,1995-2004,2005-2015,3235.9,766.8181818181818,-2469.0818181818186,-76.3027849495293
44F3,decade3_minus_decade2,1995-2004,2005-2015,6172.300000000001,3232.090909090909,-2940.209090909092,-47.635550619851465
44F4,decade3_minus_decade2,1995-2004,2005-2015,5627.3,3084.818181818182,-2542.481818181818,-45.18120267591595
44F5,decade3_minus_decade2,1995-2004,2005-2015,25547.2,11351.90909090909,-14195.29090909091,-55.56495783917968
44F6,decade3_minus_decade2,1995-2004,2005-2015,20176.7,13828.363636363636,-6348.336363636365,-31.463700028430637
45E6,decade3_minus_decade2,1995-2004,2005-2015,739.1,631.0909090909091,-108.0090909090909,-14.613596388728304
45E7,decade3_minus_decade2,1995-2004,2005-2015,2932.6,1654.909090909091,-1277.690909090909,-43.568536762289746
45E8,decade3_minus_decade2,1995-2004,2005-2015,15878.8,5045.909090909091,-10832.890909090907,-68.22235250202098
45E9,decade3_minus_decade2,1995-2004,2005-2015,16320.6,6852.181818181818,-9468.418181818182,-58.01513536155645
45F0,decade3_minus_decade2,1995-2004,2005-2015,39462.6,8624.727272727272,-30837.872727272726,-78.14455389982598
45F1,decade3_minus_decade2,1995-2004,2005-2015,8924.4,3667.181818181818,-5257.218181818182,-58.90836562478353
45F2,decade3_minus_decade2,1995-2004,2005-2015,3153.5,1874.6363636363635,-1278.8636363636365,-40.55378583680471
45F3,decade3_minus_decade2,1995-2004,2005-2015,7799.7,3396.6363636363635,-4403.063636363637,-56.45170501895761
45F4,decade3_minus_decade2,1995-2004,2005-2015,18484.9,7966.454545454546,-10518.445454545456,-56.902906991898554
45F5,decade3_minus_decade2,1995-2004,2005-2015,8879.4,3463.5454545454545,-5415.854545454546,-60.99347417004016
45F6,decade3_minus_decade2,1995-2004,2005-2015,207.2,150.63636363636363,-56.56363636363636,-27.2990522990523
46E6,decade3_minus_decade2,1995-2004,2005-2015,4506.5,848.9090909090909,-3657.590909090909,-81.16256316633549
46E7,decade3_minus_decade2,1995-2004,2005-2015,690.2,263.3636363636364,-426.83636363636367,-61.84241721767077
46E8,decade3_minus_decade2,1995-2004,2005-2015,7300,2415.909090909091,-4884.090909090909,-66.90535491905355
46E9,decade3_minus_decade2,1995-2004,2005-2015,13054.6,4534.363636363636,-8520.236363636364,-65.26616184054942
46F0,decade3_minus_decade2,1995-2004,2005-2015,20175.5,7266.363636363636,-12909.136363636364,-63.984220285179376
46F1,decade3_minus_decade2,1995-2004,2005-2015,5840,2022.6363636363635,-3817.3636363636365,-65.36581569115816
46F2,decade3_minus_decade2,1995-2004,2005-2015,1003.8999999999999,1131.7272727272727,127.82727272727288,12.733068306332592
46F3,decade3_minus_decade2,1995-2004,2005-2015,15551.5,6398.363636363636,-9153.136363636364,-58.8569357530551
46F4,decade3_minus_decade2,1995-2004,2005-2015,1428.3,472.3636363636364,-955.9363636363636,-66.92826182429206
46F5,decade3_minus_decade2,1995-2004,2005-2015,313.6,159.1818181818182,-154.41818181818184,-49.24049165120594
46F6,decade3_minus_decade2,1995-2004,2005-2015,27,2,-25,-92.5925925925926
47E6,decade3_minus_decade2,1995-2004,2005-2015,11911.600000000002,2041.090909090909,-9870.509090909094,-82.86467889208076
47E7,decade3_minus_decade2,1995-2004,2005-2015,955.7999999999998,138.66666666666669,-817.1333333333332,-85.49208342052033
47E8,decade3_minus_decade2,1995-2004,2005-2015,1611.6,954,-657.5999999999999,-40.804169769173484
47E9,decade3_minus_decade2,1995-2004,2005-2015,10347.7,3082.5454545454545,-7265.154545454547,-70.2103322038187
47F0,decade3_minus_decade2,1995-2004,2005-2015,10244.7,3481.6363636363635,-6763.063636363637,-66.0152433586502
47F1,decade3_minus_decade2,1995-2004,2005-2015,3086.4,1552.6363636363635,-1533.7636363636366,-49.694259861444934
47F2,decade3_minus_decade2,1995-2004,2005-2015,4811.9,1978.7272727272727,-2833.1727272727267,-58.87846229707032
47F3,decade3_minus_decade2,1995-2004,2005-2015,17833,5963.454545454545,-11869.545454545456,-66.55944291227195
47F4,decade3_minus_decade2,1995-2004,2005-2015,280,127.72727272727273,-152.27272727272725,-54.38311688311687
47F5,decade3_minus_decade2,1995-2004,2005-2015,146.2,58.25,-87.94999999999999,-60.15731874145006
47F6,decade3_minus_decade2,1995-2004,2005-2015,10,48.333333333333336,38.333333333333336,383.33333333333337
48E6,decade3_minus_decade2,1995-2004,2005-2015,7601,1347.7272727272727,-6253.272727272727,-82.26907942734807
48E7,decade3_minus_decade2,1995-2004,2005-2015,4195.8,350.81818181818187,-3844.981818181818,-91.6388249721583
48E8,decade3_minus_decade2,1995-2004,2005-2015,4641.2,1107.7272727272725,-3533.4727272727273,-76.13273996536945
48E9,decade3_minus_decade2,1995-2004,2005-2015,3874.8,1830.8181818181818,-2043.9818181818184,-52.7506405022664
48F0,decade3_minus_decade2,1995-2004,2005-2015,6290.6,3052.7272727272725,-3237.872727272728,-51.47160409615502
48F1,decade3_minus_decade2,1995-2004,2005-2015,1518,1053.8181818181818,-464.18181818181824,-30.57851239669422
48F2,decade3_minus_decade2,1995-2004,2005-2015,1533,777.1818181818182,-755.8181818181818,-49.303208207317795
48F3,decade3_minus_decade2,1995-2004,2005-2015,18627.3,4980.727272727273,-13646.572727272727,-73.26114212619504
48F4,decade3_minus_decade2,1995-2004,2005-2015,1190.1,731.4,-458.69999999999993,-38.54297958154777
48F5,decade3_minus_decade2,1995-2004,2005-2015,154.6,60,-94.6,-61.190168175937906
49E6,decade3_minus_decade2,1995-2004,2005-2015,9122.8,2437.909090909091,-6684.890909090908,-73.27674517791587
49E7,decade3_minus_decade2,1995-2004,2005-2015,7606.800000000001,1664.6363636363635,-5942.163636363637,-78.11646995272173
49E8,decade3_minus_decade2,1995-2004,2005-2015,3919.8,1482.909090909091,-2436.890909090909,-62.16875629090538
49E9,decade3_minus_decade2,1995-2004,2005-2015,9194.5,2464,-6730.5,-73.20137038446897
49F0,decade3_minus_decade2,1995-2004,2005-2015,12204.4,5405.545454545454,-6798.854545454546,-55.708224455561485
49F1,decade3_minus_decade2,1995-2004,2005-2015,4908.4,2777.5454545454545,-2130.854545454545,-43.41240619050088
49F2,decade3_minus_decade2,1995-2004,2005-2015,2527.6,1132.7272727272727,-1394.8727272727272,-55.185659411011514
49F3,decade3_minus_decade2,1995-2004,2005-2015,17472.2,5489.272727272727,-11982.927272727273,-68.58281883636447
49F4,decade3_minus_decade2,1995-2004,2005-2015,1271.4,512.9090909090909,-758.4909090909092,-59.657928983082364
49F5,decade3_minus_decade2,1995-2004,2005-2015,75,62,-13,-17.333333333333332
50E6,decade3_minus_decade2,1995-2004,2005-2015,2302.7,640.3636363636364,-1662.3363636363633,-72.19074840996932
50E7,decade3_minus_decade2,1995-2004,2005-2015,8961,3677.6363636363635,-5283.363636363636,-58.95953170810888
50E8,decade3_minus_decade2,1995-2004,2005-2015,16400.2,3357.3636363636365,-13042.836363636365,-79.52852016217098
50E9,decade3_minus_decade2,1995-2004,2005-2015,23680.2,4242.363636363636,-19437.836363636365,-82.08476433322508
50F0,decade3_minus_decade2,1995-2004,2005-2015,6780.1,2150.6363636363635,-4629.463636363636,-68.2801674955183
50F1,decade3_minus_decade2,1995-2004,2005-2015,4138.1,1634.8181818181818,-2503.2818181818184,-60.49350712118649
50F2,decade3_minus_decade2,1995-2004,2005-2015,6530.6,3142.6363636363635,-3387.963636363637,-51.87829045361279
50F3,decade3_minus_decade2,1995-2004,2005-2015,9004.7,2562.4545454545455,-6442.245454545455,-71.54314363105328
50F4,decade3_minus_decade2,1995-2004,2005-2015,3321.2,2479.714285714286,-841.485714285714,-25.336797371001868
50F5,decade3_minus_decade2,1995-2004,2005-2015,49,99.5,50.5,103.06122448979592
51E6,decade3_minus_decade2,1995-2004,2005-2015,87.875,9.363636363636363,-78.51136363636364,-89.34436829173671
51E7,decade3_minus_decade2,1995-2004,2005-2015,930.3,282.54545454545456,-647.7545454545455,-69.62856556536015
51E8,decade3_minus_decade2,1995-2004,2005-2015,12075.2,4819.090909090909,-7256.109090909092,-60.09100545671369
51E9,decade3_minus_decade2,1995-2004,2005-2015,8035.9,2713.4545454545455,-5322.445454545454,-66.23334604145714
51F0,decade3_minus_decade2,1995-2004,2005-2015,3917.5,1385.7272727272727,-2531.772727272727,-64.627255322852
51F1,decade3_minus_decade2,1995-2004,2005-2015,7196.4,2593.090909090909,-4603.309090909091,-63.96683190079888
51F2,decade3_minus_decade2,1995-2004,2005-2015,13399.5,4706.181818181818,-8693.318181818182,-64.87792963780875
51F3,decade3_minus_decade2,1995-2004,2005-2015,306,68.36363636363636,-237.63636363636363,-77.65894236482472
51F4,decade3_minus_decade2,1995-2004,2005-2015,40.5,14,-26.5,-65.4320987654321
51F5,decade3_minus_decade2,1995-2004,2005-2015,30.5,7,-23.5,-77.04918032786885
52E6,decade3_minus_decade2,1995-2004,2005-2015,190.66666666666669,15,-175.66666666666669,-92.13286713286713
52E7,decade3_minus_decade2,1995-2004,2005-2015,69.4,28.75,-40.650000000000006,-58.57348703170029
52E8,decade3_minus_decade2,1995-2004,2005-2015,998.3,316.1818181818182,-682.1181818181817,-68.32797574057716
52E9,decade3_minus_decade2,1995-2004,2005-2015,5088.9,2255.181818181818,-2833.7181818181816,-55.6842968385738
52F0,decade3_minus_decade2,1995-2004,2005-2015,5378.8,2970.909090909091,-2407.890909090909,-44.766321653359654
52F1,decade3_minus_decade2,1995-2004,2005-2015,8939.4,2418.6363636363635,-6520.763636363636,-72.9440861396026
52F2,decade3_minus_decade2,1995-2004,2005-2015,973.1,327.625,-645.475,-66.33182612270065
52F3,decade3_minus_decade2,1995-2004,2005-2015,56.7,25.6,-31.1,-54.85008818342151
52F4,decade3_minus_decade2,1995-2004,2005-2015,35.42857142857143,17,-18.42857142857143,-52.01612903225807
31F0,decade3_minus_decade1,1985-1994,2005-2015,9126.9,3612,-5514.9,-60.42467869703843
31F1,decade3_minus_decade1,1985-1994,2005-2015,89303.7,26228.272727272728,-63075.42727272727,-70.63025078773586
31F2,decade3_minus_decade1,1985-1994,2005-2015,47422.8,39177.27272727273,-8245.527272727275,-17.387263663738274
31F3,decade3_minus_decade1,1985-1994,2005-2015,17907.1,21276.363636363636,3369.2636363636375,18.815238851425622
32F0,decade3_minus_decade1,1985-1994,2005-2015,4615.8,1197.5454545454545,-3418.2545454545457,-74.05551682166788
32F1,decade3_minus_decade1,1985-1994,2005-2015,40830.8,26752.090909090908,-14078.709090909095,-34.480610448262325
32F2,decade3_minus_decade1,1985-1994,2005-2015,28849.2,30155.454545454544,1306.2545454545434,4.527870947737003
32F3,decade3_minus_decade1,1985-1994,2005-2015,26566.2,37549,10982.8,41.34125317132296
32F4,decade3_minus_decade1,1985-1994,2005-2015,66.8,1164.909090909091,1098.109090909091,1643.8758845944478
33F1,decade3_minus_decade1,1985-1994,2005-2015,11211.1,5771.909090909091,-5439.190909090909,-48.51612160350821
33F2,decade3_minus_decade1,1985-1994,2005-2015,24693.7,20846.18181818182,-3847.518181818181,-15.580970781285028
33F3,decade3_minus_decade1,1985-1994,2005-2015,35469.6,25954,-9515.599999999999,-26.82748043394907
33F4,decade3_minus_decade1,1985-1994,2005-2015,17116.8,20674.363636363636,3557.5636363636368,20.7840462958242
33F5,decade3_minus_decade1,1985-1994,2005-2015,52.77777777777778,8.5,-44.27777777777778,-83.89473684210527
34F0,decade3_minus_decade1,1985-1994,2005-2015,19203.9,8938.454545454546,-10265.445454545456,-53.455003694798734
34F1,decade3_minus_decade1,1985-1994,2005-2015,3643.4,560.1818181818181,-3083.218181818182,-84.62475110660873
34F2,decade3_minus_decade1,1985-1994,2005-2015,21598.9,22103.363636363636,504.4636363636346,2.3355987405082415
34F3,decade3_minus_decade1,1985-1994,2005-2015,18665.5,18392.454545454544,-273.04545454545587,-1.4628349336768685
34F4,decade3_minus_decade1,1985-1994,2005-2015,19793.4,26879.18181818182,7085.781818181818,35.798709762758385
34F5,decade3_minus_decade1,1985-1994,2005-2015,180.2,888.1111111111111,707.911111111111,392.84745344678754
35F0,decade3_minus_decade1,1985-1994,2005-2015,8294,7025.636363636364,-1268.363636363636,-15.292544446149458
35F1,decade3_minus_decade1,1985-1994,2005-2015,5450.4,2354.5454545454545,-3095.854545454545,-56.80050171463646
35F2,decade3_minus_decade1,1985-1994,2005-2015,18139.7,12032.727272727272,-6106.972727272729,-33.66633807214413
35F3,decade3_minus_decade1,1985-1994,2005-2015,24955.9,14973.636363636364,-9982.263636363637,-39.99961386431119
35F4,decade3_minus_decade1,1985-1994,2005-2015,25565.7,26377.545454545456,811.8454545454551,3.175526015503018
35F5,decade3_minus_decade1,1985-1994,2005-2015,6691.1,36526.36363636364,29835.26363636364,445.89475028565766
35F6,decade3_minus_decade1,1985-1994,2005-2015,207.6,6273.818181818182,6066.218181818182,2922.0704151339987
35F7,decade3_minus_decade1,1985-1994,2005-2015,31,343,312,1006.4516129032259
35F8,decade3_minus_decade1,1985-1994,2005-2015,13.9,650.6,636.7,4580.575539568345
36E9,decade3_minus_decade1,1985-1994,2005-2015,544.9,92.11111111111111,-452.7888888888889,-83.09577700291594
36F0,decade3_minus_decade1,1985-1994,2005-2015,9933.4,2879.2727272727275,-7054.127272727272,-71.01422748230488
36F1,decade3_minus_decade1,1985-1994,2005-2015,12680.1,3280.5454545454545,-9399.554545454546,-74.12839445630985
36F2,decade3_minus_decade1,1985-1994,2005-2015,23013.2,12250.636363636364,-10762.563636363637,-46.766914798305486
36F3,decade3_minus_decade1,1985-1994,2005-2015,16798.7,15279.90909090909,-1518.7909090909106,-9.041121688528937
36F4,decade3_minus_decade1,1985-1994,2005-2015,23563.4,21479.090909090908,-2084.3090909090934,-8.845536259237178
36F5,decade3_minus_decade1,1985-1994,2005-2015,20801.4,19339.18181818182,-1462.2181818181816,-7.029421970723997
36F6,decade3_minus_decade1,1985-1994,2005-2015,14867.6,50642.63636363636,35775.03636363636,240.62415160238615
36F7,decade3_minus_decade1,1985-1994,2005-2015,16233.9,46270.63636363636,30036.73636363636,185.02477139588368
36F8,decade3_minus_decade1,1985-1994,2005-2015,4882,47458.36363636364,42576.36363636364,872.1090462180181
37E9,decade3_minus_decade1,1985-1994,2005-2015,42072.9,6590.545454545454,-35482.354545454546,-84.33541435331186
37F0,decade3_minus_decade1,1985-1994,2005-2015,52022.8,7245.090909090909,-44777.70909090909,-86.07323921609196
37F1,decade3_minus_decade1,1985-1994,2005-2015,50133.3,9533.818181818182,-40599.48181818182,-80.98306279096293
37F2,decade3_minus_decade1,1985-1994,2005-2015,43951.7,17456.454545454544,-26495.245454545453,-60.28264084107203
37F3,decade3_minus_decade1,1985-1994,2005-2015,19994,6023.363636363636,-13970.636363636364,-69.87414406140024
37F4,decade3_minus_decade1,1985-1994,2005-2015,28703.2,14057.272727272728,-14645.927272727273,-51.025416234870235
37F5,decade3_minus_decade1,1985-1994,2005-2015,22736.9,16051.818181818182,-6685.0818181818195,-29.40190535289252
37F6,decade3_minus_decade1,1985-1994,2005-2015,31470.7,15173,-16297.7,-51.78690019605538
37F7,decade3_minus_decade1,1985-1994,2005-2015,43395.6,21853.909090909092,-21541.690909090907,-49.64026516303706
37F8,decade3_minus_decade1,1985-1994,2005-2015,28703.7,95493.45454545454,66789.75454545455,232.68691682763736
38E8,decade3_minus_decade1,1985-1994,2005-2015,32913,29610,-3303,-10.035548263604047
38E9,decade3_minus_decade1,1985-1994,2005-2015,42866.3,11153.727272727272,-31712.57272727273,-73.98019592843966
38F0,decade3_minus_decade1,1985-1994,2005-2015,23626.5,1798.3636363636363,-21828.136363636364,-92.38836206647774
38F1,decade3_minus_decade1,1985-1994,2005-2015,31088.4,6510.909090909091,-24577.49090909091,-79.0567893783241
38F2,decade3_minus_decade1,1985-1994,2005-2015,13033,2772,-10261,-78.73091383411341
38F3,decade3_minus_decade1,1985-1994,2005-2015,13829.6,2901.818181818182,-10927.781818181818,-79.01733830466404
38F4,decade3_minus_decade1,1985-1994,2005-2015,19356.1,5263.818181818182,-14092.281818181817,-72.8053782434572
38F5,decade3_minus_decade1,1985-1994,2005-2015,12084.7,6540.181818181818,-5544.518181818183,-45.8804784712751
38F6,decade3_minus_decade1,1985-1994,2005-2015,25014.5,10736.727272727272,-14277.772727272728,-57.07798567739802
38F7,decade3_minus_decade1,1985-1994,2005-2015,30219.8,15897.545454545454,-14322.254545454545,-47.39361129277674
38F8,decade3_minus_decade1,1985-1994,2005-2015,4050.5,50786.09090909091,46735.59090909091,1153.8227603775067
39E8,decade3_minus_decade1,1985-1994,2005-2015,73393,24833.545454545456,-48559.454545454544,-66.16360490163169
39E9,decade3_minus_decade1,1985-1994,2005-2015,22712.1,12670.545454545454,-10041.554545454544,-44.21235616897841
39F0,decade3_minus_decade1,1985-1994,2005-2015,17492.9,2190,-15302.900000000001,-87.48063500048592
39F1,decade3_minus_decade1,1985-1994,2005-2015,30147.6,11078,-19069.6,-63.254123047937476
39F2,decade3_minus_decade1,1985-1994,2005-2015,12762,2370.5454545454545,-10391.454545454546,-81.42496901312134
39F3,decade3_minus_decade1,1985-1994,2005-2015,19124.4,4687.272727272727,-14437.127272727274,-75.49061551069457
39F4,decade3_minus_decade1,1985-1994,2005-2015,21556.5,4480.545454545455,-17075.954545454544,-79.21487507459256
39F5,decade3_minus_decade1,1985-1994,2005-2015,19834.6,7598.272727272727,-12236.32727272727,-61.691827779371764
39F6,decade3_minus_decade1,1985-1994,2005-2015,49576.1,18332.363636363636,-31243.736363636363,-63.02177130439136
39F7,decade3_minus_decade1,1985-1994,2005-2015,53657,14861.90909090909,-38795.09090909091,-72.30201261548524
39F8,decade3_minus_decade1,1985-1994,2005-2015,17754.6,49592.09090909091,31837.490909090913,179.31967438912122
40E6,decade3_minus_decade1,1985-1994,2005-2015,55.6,20,-35.6,-64.02877697841727
40E7,decade3_minus_decade1,1985-1994,2005-2015,23114.3,6497.090909090909,-16617.20909090909,-71.89146584975141
40E8,decade3_minus_decade1,1985-1994,2005-2015,20111.7,1534.4545454545455,-18577.245454545457,-92.37033892980432
40E9,decade3_minus_decade1,1985-1994,2005-2015,4841.4,1252,-3589.3999999999996,-74.13971165365389
40F0,decade3_minus_decade1,1985-1994,2005-2015,6417.1,380.1818181818182,-6036.918181818182,-94.07548864468657
40F1,decade3_minus_decade1,1985-1994,2005-2015,6778,625.3636363636364,-6152.636363636364,-90.77362590198234
40F2,decade3_minus_decade1,1985-1994,2005-2015,7411.3,1217.8181818181818,-6193.481818181818,-83.56808951441471
40F3,decade3_minus_decade1,1985-1994,2005-2015,11901.1,1818.2727272727273,-10082.827272727272,-84.7218095195173
40F4,decade3_minus_decade1,1985-1994,2005-2015,17165.4,5462.363636363636,-11703.036363636365,-68.17805797497503
40F5,decade3_minus_decade1,1985-1994,2005-2015,28984.7,16719.636363636364,-12265.063636363637,-42.315648036252355
40F6,decade3_minus_decade1,1985-1994,2005-2015,25138.4,9437.181818181818,-15701.218181818183,-62.45909915435423
40F7,decade3_minus_decade1,1985-1994,2005-2015,38829.6,23304.363636363636,-15525.236363636363,-39.98299329283939
40F8,decade3_minus_decade1,1985-1994,2005-2015,3433.1,18614.272727272728,15181.172727272728,442.20013187127455
41E6,decade3_minus_decade1,1985-1994,2005-2015,4388.6,8981.6,4593,104.65752176092603
41E7,decade3_minus_decade1,1985-1994,2005-2015,67036.7,24888.636363636364,-42148.06363636363,-62.873118211910246
41E8,decade3_minus_decade1,1985-1994,2005-2015,8017.2,663.1818181818182,-7354.018181818182,-91.7280120468266
41E9,decade3_minus_decade1,1985-1994,2005-2015,2290,346.3636363636364,-1943.6363636363635,-84.87495037713379
41F0,decade3_minus_decade1,1985-1994,2005-2015,6123,1245.6363636363637,-4877.363636363636,-79.65643698127774
41F1,decade3_minus_decade1,1985-1994,2005-2015,5365.4,958.1818181818182,-4407.218181818182,-82.14146534868196
41F2,decade3_minus_decade1,1985-1994,2005-2015,4574.5,1278.8181818181818,-3295.681818181818,-72.04463478373195
41F3,decade3_minus_decade1,1985-1994,2005-2015,8167.1,1839.1818181818182,-6327.918181818182,-77.48060121485206
41F4,decade3_minus_decade1,1985-1994,2005-2015,12379.6,2183.3636363636365,-10196.236363636364,-82.36321338037065
41F5,decade3_minus_decade1,1985-1994,2005-2015,39226.3,18179.272727272728,-21047.027272727275,-53.65539771206378
41F6,decade3_minus_decade1,1985-1994,2005-2015,36384.9,9487.09090909091,-26897.80909090909,-73.92574691948883
41F7,decade3_minus_decade1,1985-1994,2005-2015,41046.1,11531.727272727272,-29514.372727272726,-71.90542518600482
41F8,decade3_minus_decade1,1985-1994,2005-2015,1929.4,4151.363636363636,2221.963636363636,115.16345166184492
42E7,decade3_minus_decade1,1985-1994,2005-2015,15970.3,2064.5454545454545,-13905.754545454545,-87.07259441246906
42E8,decade3_minus_decade1,1985-1994,2005-2015,6934.5,190.8,-6743.7,-97.2485399091499
42E9,decade3_minus_decade1,1985-1994,2005-2015,3060.4,260.72727272727275,-2799.6727272727276,-91.48061453642424
42F0,decade3_minus_decade1,1985-1994,2005-2015,9410.6,3626.6363636363635,-5783.963636363636,-61.462219586037406
42F1,decade3_minus_decade1,1985-1994,2005-2015,2765.9,889.9090909090909,-1875.990909090909,-67.82569540080658
42F2,decade3_minus_decade1,1985-1994,2005-2015,3884.9,1594.4545454545455,-2290.4454545454546,-58.95764252736119
42F3,decade3_minus_decade1,1985-1994,2005-2015,9803.3,1455.1818181818182,-8348.118181818181,-85.15620435790174
42F4,decade3_minus_decade1,1985-1994,2005-2015,11510.4,1753.4545454545455,-9756.945454545454,-84.76634569211717
42F5,decade3_minus_decade1,1985-1994,2005-2015,12110,4756.181818181818,-7353.818181818182,-60.72517078297425
42F6,decade3_minus_decade1,1985-1994,2005-2015,28019,12264.09090909091,-15754.90909090909,-56.229376818976725
42F7,decade3_minus_decade1,1985-1994,2005-2015,41149.2,16677.727272727272,-24471.472727272725,-59.470105681939685
42F8,decade3_minus_decade1,1985-1994,2005-2015,7404.3,3760.4545454545455,-3643.8454545454547,-49.212558304572404
43E7,decade3_minus_decade1,1985-1994,2005-2015,2301.8,131.6,-2170.2000000000003,-94.2827352506734
43E8,decade3_minus_decade1,1985-1994,2005-2015,19754.5,518.5454545454545,-19235.954545454544,-97.37505148424178
43E9,decade3_minus_decade1,1985-1994,2005-2015,6899.7,1057.8181818181818,-5841.881818181818,-84.66863513169874
43F0,decade3_minus_decade1,1985-1994,2005-2015,6485,424.45454545454544,-6060.545454545455,-93.4548258218266
43F1,decade3_minus_decade1,1985-1994,2005-2015,2761.8,369.6363636363636,-2392.1636363636367,-86.61610675514652
43F2,decade3_minus_decade1,1985-1994,2005-2015,2570.2,691.6363636363636,-1878.5636363636363,-73.09017338587022
43F3,decade3_minus_decade1,1985-1994,2005-2015,6752.5,1912.2727272727273,-4840.227272727273,-71.68052236545388
43F4,decade3_minus_decade1,1985-1994,2005-2015,17726.9,1677.7272727272727,-16049.17272727273,-90.53569844289034
43F5,decade3_minus_decade1,1985-1994,2005-2015,21711.6,3409.5454545454545,-18302.054545454543,-84.296203621357
43F6,decade3_minus_decade1,1985-1994,2005-2015,18963.1,8978.09090909091,-9985.009090909089,-52.654940863619814
43F7,decade3_minus_decade1,1985-1994,2005-2015,52647.3,28893.81818181818,-23753.481818181823,-45.118138666525766
44E6,decade3_minus_decade1,1985-1994,2005-2015,26435.3,13901.454545454546,-12533.845454545453,-47.413290012012176
44E7,decade3_minus_decade1,1985-1994,2005-2015,48175.4,8559,-39616.4,-82.23367112675764
44E8,decade3_minus_decade1,1985-1994,2005-2015,34297,1544.4545454545453,-32752.545454545456,-95.496823204786
44E9,decade3_minus_decade1,1985-1994,2005-2015,15043.5,3591.818181818182,-11451.681818181818,-76.12378647377152
44F0,decade3_minus_decade1,1985-1994,2005-2015,22027,3538.2727272727275,-18488.727272727272,-83.9366562524505
44F1,decade3_minus_decade1,1985-1994,2005-2015,4923.6,547.5454545454545,-4376.054545454546,-88.87916454331274
44F2,decade3_minus_decade1,1985-1994,2005-2015,9616.5,766.8181818181818,-8849.681818181818,-92.02601589124752
44F3,decade3_minus_decade1,1985-1994,2005-2015,19223.3,3232.090909090909,-15991.209090909091,-83.18659694698148
44F4,decade3_minus_decade1,1985-1994,2005-2015,12586.4,3084.818181818182,-9501.581818181818,-75.49086170931973
44F5,decade3_minus_decade1,1985-1994,2005-2015,21698.7,11351.90909090909,-10346.79090909091,-47.68392073760599
44F6,decade3_minus_decade1,1985-1994,2005-2015,19917.6,13828.363636363636,-6089.2363636363625,-30.57213903098949
45E6,decade3_minus_decade1,1985-1994,2005-2015,1961.6,631.0909090909091,-1330.509090909091,-67.82774729348955
45E7,decade3_minus_decade1,1985-1994,2005-2015,8893,1654.909090909091,-7238.090909090909,-81.39087944552918
45E8,decade3_minus_decade1,1985-1994,2005-2015,30613.7,5045.909090909091,-25567.79090909091,-83.51748043879344
45E9,decade3_minus_decade1,1985-1994,2005-2015,18749.3,6852.181818181818,-11897.118181818181,-63.45366590655748
45F0,decade3_minus_decade1,1985-1994,2005-2015,71347.9,8624.727272727272,-62723.17272727272,-87.9117293252818
45F1,decade3_minus_decade1,1985-1994,2005-2015,19133.9,3667.181818181818,-15466.718181818183,-80.83411213510148
45F2,decade3_minus_decade1,1985-1994,2005-2015,7513.5,1874.6363636363635,-5638.863636363636,-75.04975891879465
45F3,decade3_minus_decade1,1985-1994,2005-2015,9232.9,3396.6363636363635,-5836.263636363636,-63.21159805005616
45F4,decade3_minus_decade1,1985-1994,2005-2015,17116.7,7966.454545454546,-9150.245454545455,-53.45799981623476
45F5,decade3_minus_decade1,1985-1994,2005-2015,7130.1,3463.5454545454545,-3666.554545454546,-51.42360619703154
45F6,decade3_minus_decade1,1985-1994,2005-2015,286,150.63636363636363,-135.36363636363637,-47.329942784488246
46E6,decade3_minus_decade1,1985-1994,2005-2015,44.3,848.9090909090909,804.6090909090909,1816.273342909912
46E7,decade3_minus_decade1,1985-1994,2005-2015,2677.1,263.3636363636364,-2413.7363636363634,-90.16235342857433
46E8,decade3_minus_decade1,1985-1994,2005-2015,7738.7,2415.909090909091,-5322.790909090909,-68.78146082792857
46E9,decade3_minus_decade1,1985-1994,2005-2015,15879.3,4534.363636363636,-11344.936363636363,-71.44481408901125
46F0,decade3_minus_decade1,1985-1994,2005-2015,32325.4,7266.363636363636,-25059.036363636365,-77.52119498486134
46F1,decade3_minus_decade1,1985-1994,2005-2015,6283,2022.6363636363635,-4260.363636363636,-67.8077930345955
46F2,decade3_minus_decade1,1985-1994,2005-2015,2492,1131.7272727272727,-1360.2727272727273,-54.58558295636948
46F3,decade3_minus_decade1,1985-1994,2005-2015,13819.6,6398.363636363636,-7421.236363636364,-53.70080439112829
46F4,decade3_minus_decade1,1985-1994,2005-2015,1151.3,472.3636363636364,-678.9363636363636,-58.97128147627583
46F5,decade3_minus_decade1,1985-1994,2005-2015,286.7,159.1818181818182,-127.5181818181818,-44.477914830199445
46F6,decade3_minus_decade1,1985-1994,2005-2015,8,2,-6,-75
47E6,decade3_minus_decade1,1985-1994,2005-2015,925,2041.090909090909,1116.090909090909,120.65847665847664
47E7,decade3_minus_decade1,1985-1994,2005-2015,2653.5,138.66666666666669,-2514.8333333333335,-94.77419760065322
47E8,decade3_minus_decade1,1985-1994,2005-2015,4218.8,954,-3264.8,-77.38693467336682
47E9,decade3_minus_decade1,1985-1994,2005-2015,11672.5,3082.5454545454545,-8589.954545454546,-73.59138612511926
47F0,decade3_minus_decade1,1985-1994,2005-2015,13649.1,3481.6363636363635,-10167.463636363636,-74.49182463579017
47F1,decade3_minus_decade1,1985-1994,2005-2015,4298.1,1552.6363636363635,-2745.463636363637,-63.876215917815706
47F2,decade3_minus_decade1,1985-1994,2005-2015,5363.7,1978.7272727272727,-3384.972727272727,-63.10891226714259
47F3,decade3_minus_decade1,1985-1994,2005-2015,12673.9,5963.454545454545,-6710.445454545455,-52.94696545298175
47F4,decade3_minus_decade1,1985-1994,2005-2015,158.2,127.72727272727273,-30.472727272727255,-19.262153775428104
47F5,decade3_minus_decade1,1985-1994,2005-2015,131.4,58.25,-73.15,-55.66971080669711
48E6,decade3_minus_decade1,1985-1994,2005-2015,1798.5,1347.7272727272727,-450.77272727272725,-25.063815806101044
48E7,decade3_minus_decade1,1985-1994,2005-2015,2043.9,350.81818181818187,-1693.081818181818,-82.83584413042801
48E8,decade3_minus_decade1,1985-1994,2005-2015,11322.3,1107.7272727272725,-10214.572727272727,-90.21641121744457
48E9,decade3_minus_decade1,1985-1994,2005-2015,5807.7,1830.8181818181818,-3976.881818181818,-68.47602007992523
48F0,decade3_minus_decade1,1985-1994,2005-2015,6371.5,3052.7272727272725,-3318.7727272727275,-52.08777724668803
48F1,decade3_minus_decade1,1985-1994,2005-2015,2120.3,1053.8181818181818,-1066.4818181818184,-50.298628410216395
48F2,decade3_minus_decade1,1985-1994,2005-2015,2737.3,777.1818181818182,-1960.118181818182,-71.60772227443765
48F3,decade3_minus_decade1,1985-1994,2005-2015,11009.8,4980.727272727273,-6029.072727272726,-54.76096502454837
48F4,decade3_minus_decade1,1985-1994,2005-2015,171.3,731.4,560.0999999999999,326.970227670753
48F5,decade3_minus_decade1,1985-1994,2005-2015,93.1,60,-33.099999999999994,-35.5531686358754
49E6,decade3_minus_decade1,1985-1994,2005-2015,4413.3,2437.909090909091,-1975.3909090909092,-44.75995080984544
49E7,decade3_minus_decade1,1985-1994,2005-2015,2184.3,1664.6363636363635,-519.6636363636367,-23.790854569593765
49E8,decade3_minus_decade1,1985-1994,2005-2015,241.8,1482.909090909091,1241.109090909091,513.2791939243552
49E9,decade3_minus_decade1,1985-1994,2005-2015,10127.8,2464,-7663.799999999999,-75.67092557120006
49F0,decade3_minus_decade1,1985-1994,2005-2015,24327.9,5405.545454545454,-18922.354545454546,-77.78046829136319
49F1,decade3_minus_decade1,1985-1994,2005-2015,11765.2,2777.5454545454545,-8987.654545454547,-76.39185517844615
49F2,decade3_minus_decade1,1985-1994,2005-2015,2985.6,1132.7272727272727,-1852.8727272727272,-62.06031374841664
49F3,decade3_minus_decade1,1985-1994,2005-2015,10293.3,5489.272727272727,-4804.027272727272,-46.671400549165696
49F4,decade3_minus_decade1,1985-1994,2005-2015,110.5,512.9090909090909,402.4090909090909,364.17112299465236
49F5,decade3_minus_decade1,1985-1994,2005-2015,33.5,62,28.5,85.07462686567165
50E6,decade3_minus_decade1,1985-1994,2005-2015,1294.4,640.3636363636364,-654.0363636363637,-50.5281492302506
50E7,decade3_minus_decade1,1985-1994,2005-2015,8072.7,3677.6363636363635,-4395.063636363637,-54.44353978673352
50E8,decade3_minus_decade1,1985-1994,2005-2015,3043.6,3357.3636363636365,313.7636363636366,10.308964264806038
50E9,decade3_minus_decade1,1985-1994,2005-2015,19884.8,4242.363636363636,-15642.436363636363,-78.66529391110981
50F0,decade3_minus_decade1,1985-1994,2005-2015,12278.4,2150.6363636363635,-10127.763636363636,-82.48439239936503
50F1,decade3_minus_decade1,1985-1994,2005-2015,7587.4,1634.8181818181818,-5952.581818181818,-78.45351264177212
50F2,decade3_minus_decade1,1985-1994,2005-2015,4088.5,3142.6363636363635,-945.8636363636365,-23.134734899440783
50F3,decade3_minus_decade1,1985-1994,2005-2015,5326.3,2562.4545454545455,-2763.8454545454547,-51.890532913006304
50F4,decade3_minus_decade1,1985-1994,2005-2015,3835.3,2479.714285714286,-1355.5857142857144,-35.3449720826458
50F5,decade3_minus_decade1,1985-1994,2005-2015,114,99.5,-14.5,-12.719298245614034
51E6,decade3_minus_decade1,1985-1994,2005-2015,27.833333333333336,9.363636363636363,-18.469696969696972,-66.3581927054981
51E7,decade3_minus_decade1,1985-1994,2005-2015,760.9,282.54545454545456,-478.3545454545454,-62.866939867859834
51E8,decade3_minus_decade1,1985-1994,2005-2015,8452,4819.090909090909,-3632.909090909091,-42.98283354128125
51E9,decade3_minus_decade1,1985-1994,2005-2015,13545.5,2713.4545454545455,-10832.045454545454,-79.96785245687094
51F0,decade3_minus_decade1,1985-1994,2005-2015,8983.2,1385.7272727272727,-7597.472727272728,-84.57423554271003
51F1,decade3_minus_decade1,1985-1994,2005-2015,6903,2593.090909090909,-4309.909090909091,-62.43530480818617
51F2,decade3_minus_decade1,1985-1994,2005-2015,10510.2,4706.181818181818,-5804.018181818183,-55.222718709617155
51F3,decade3_minus_decade1,1985-1994,2005-2015,880.7,68.36363636363636,-812.3363636363637,-92.23757961125963
51F4,decade3_minus_decade1,1985-1994,2005-2015,53.9,14,-39.9,-74.02597402597402
52E6,decade3_minus_decade1,1985-1994,2005-2015,57.75,15,-42.75,-74.02597402597402
52E7,decade3_minus_decade1,1985-1994,2005-2015,90.5,28.75,-61.75,-68.23204419889503
52E8,decade3_minus_decade1,1985-1994,2005-2015,1192.6,316.1818181818182,-876.4181818181817,-73.48802463677525
52E9,decade3_minus_decade1,1985-1994,2005-2015,8485.8,2255.181818181818,-6230.618181818181,-73.42405173134155
52F0,decade3_minus_decade1,1985-1994,2005-2015,10667.8,2970.909090909091,-7696.890909090908,-72.1506862623119
52F1,decade3_minus_decade1,1985-1994,2005-2015,11101.1,2418.6363636363635,-8682.463636363636,-78.21264231800124
52F2,decade3_minus_decade1,1985-1994,2005-2015,950.1,327.625,-622.475,-65.51678770655721
52F3,decade3_minus_decade1,1985-1994,2005-2015,212.3,25.6,-186.70000000000002,-87.9415920866698
52F4,decade3_minus_decade1,1985-1994,2005-2015,125.4,17,-108.4,-86.44338118022328
