stat_rec,comparison,decade_from,decade_to,value_from,value_to,abs_change,pct_change,abs_change_magnitude,change_tercile,change_class
31F0,decade3_minus_decade1,1985-1994,2005-2015,9126.9,3612,-5514.9,-60.42467869703843,5514.9,2,moderate
31F1,decade3_minus_decade1,1985-1994,2005-2015,89303.7,26228.272727272728,-63075.42727272727,-70.63025078773586,63075.42727272727,3,large_change
31F2,decade3_minus_decade1,1985-1994,2005-2015,47422.8,39177.27272727273,-8245.527272727275,-17.387263663738274,8245.527272727275,2,moderate
31F3,decade3_minus_decade1,1985-1994,2005-2015,17907.1,21276.363636363636,3369.2636363636375,18.815238851425622,3369.2636363636375,1,stable
32F0,decade3_minus_decade1,1985-1994,2005-2015,4615.8,1197.5454545454545,-3418.2545454545457,-74.05551682166788,3418.2545454545457,2,moderate
32F1,decade3_minus_decade1,1985-1994,2005-2015,40830.8,26752.090909090908,-14078.709090909095,-34.480610448262325,14078.709090909095,3,large_change
32F2,decade3_minus_decade1,1985-1994,2005-2015,28849.2,30155.454545454544,1306.2545454545434,4.527870947737003,1306.2545454545434,1,stable
32F3,decade3_minus_decade1,1985-1994,2005-2015,26566.2,37549,10982.8,41.34125317132296,10982.8,3,large_change
32F4,decade3_minus_decade1,1985-1994,2005-2015,66.8,1164.909090909091,1098.109090909091,1643.8758845944478,1098.109090909091,1,stable
33F1,decade3_minus_decade1,1985-1994,2005-2015,11211.1,5771.909090909091,-5439.190909090909,-48.51612160350821,5439.190909090909,2,moderate
33F2,decade3_minus_decade1,1985-1994,2005-2015,24693.7,20846.18181818182,-3847.518181818181,-15.580970781285028,3847.518181818181,2,moderate
33F3,decade3_minus_decade1,1985-1994,2005-2015,35469.6,25954,-9515.599999999999,-26.82748043394907,9515.599999999999,2,moderate
33F4,decade3_minus_decade1,1985-1994,2005-2015,17116.8,20674.363636363636,3557.5636363636368,20.7840462958242,3557.5636363636368,2,moderate
33F5,decade3_minus_decade1,1985-1994,2005-2015,52.77777777777778,8.5,-44.27777777777778,-83.89473684210527,44.27777777777778,1,stable
34F0,decade3_minus_decade1,1985-1994,2005-2015,19203.9,8938.454545454546,-10265.445454545456,-53.455003694798734,10265.445454545456,3,large_change
34F1,decade3_minus_decade1,1985-1994,2005-2015,3643.4,560.1818181818181,-3083.218181818182,-84.62475110660873,3083.218181818182,1,stable
34F2,decade3_minus_decade1,1985-1994,2005-2015,21598.9,22103.363636363636,504.4636363636346,2.3355987405082415,504.4636363636346,1,stable
34F3,decade3_minus_decade1,1985-1994,2005-2015,18665.5,18392.454545454544,-273.04545454545587,-1.4628349336768685,273.04545454545587,1,stable
34F4,decade3_minus_decade1,1985-1994,2005-2015,19793.4,26879.18181818182,7085.781818181818,35.798709762758385,7085.781818181818,2,moderate
34F5,decade3_minus_decade1,1985-1994,2005-2015,180.2,888.1111111111111,707.911111111111,392.84745344678754,707.911111111111,1,stable
35F0,decade3_minus_decade1,1985-1994,2005-2015,8294,7025.636363636364,-1268.363636363636,-15.292544446149458,1268.363636363636,1,stable
35F1,decade3_minus_decade1,1985-1994,2005-2015,5450.4,2354.5454545454545,-3095.854545454545,-56.80050171463646,3095.854545454545,1,stable
35F2,decade3_minus_decade1,1985-1994,2005-2015,18139.7,12032.727272727272,-6106.972727272729,-33.66633807214413,6106.972727272729,2,moderate
35F3,decade3_minus_decade1,1985-1994,2005-2015,24955.9,14973.636363636364,-9982.263636363637,-39.99961386431119,9982.263636363637,2,moderate
35F4,decade3_minus_decade1,1985-1994,2005-2015,25565.7,26377.545454545456,811.8454545454551,3.175526015503018,811.8454545454551,1,stable
35F5,decade3_minus_decade1,1985-1994,2005-2015,6691.1,36526.36363636364,29835.26363636364,445.89475028565766,29835.26363636364,3,large_change
35F6,decade3_minus_decade1,1985-1994,2005-2015,207.6,6273.818181818182,6066.218181818182,2922.0704151339987,6066.218181818182,2,moderate
35F7,decade3_minus_decade1,1985-1994,2005-2015,31,343,312,1006.4516129032259,312,1,stable
35F8,decade3_minus_decade1,1985-1994,2005-2015,13.9,650.6,636.7,4580.575539568345,636.7,1,stable
36E9,decade3_minus_decade1,1985-1994,2005-2015,544.9,92.11111111111111,-452.7888888888889,-83.09577700291594,452.7888888888889,1,stable
36F0,decade3_minus_decade1,1985-1994,2005-2015,9933.4,2879.2727272727275,-7054.127272727272,-71.01422748230488,7054.127272727272,2,moderate
36F1,decade3_minus_decade1,1985-1994,2005-2015,12680.1,3280.5454545454545,-9399.554545454546,-74.12839445630985,9399.554545454546,2,moderate
36F2,decade3_minus_decade1,1985-1994,2005-2015,23013.2,12250.636363636364,-10762.563636363637,-46.766914798305486,10762.563636363637,3,large_change
36F3,decade3_minus_decade1,1985-1994,2005-2015,16798.7,15279.90909090909,-1518.7909090909106,-9.041121688528937,1518.7909090909106,1,stable
36F4,decade3_minus_decade1,1985-1994,2005-2015,23563.4,21479.090909090908,-2084.3090909090934,-8.845536259237178,2084.3090909090934,1,stable
36F5,decade3_minus_decade1,1985-1994,2005-2015,20801.4,19339.18181818182,-1462.2181818181816,-7.029421970723997,1462.2181818181816,1,stable
36F6,decade3_minus_decade1,1985-1994,2005-2015,14867.6,50642.63636363636,35775.03636363636,240.62415160238615,35775.03636363636,3,large_change
36F7,decade3_minus_decade1,1985-1994,2005-2015,16233.9,46270.63636363636,30036.73636363636,185.02477139588368,30036.73636363636,3,large_change
36F8,decade3_minus_decade1,1985-1994,2005-2015,4882,47458.36363636364,42576.36363636364,872.1090462180181,42576.36363636364,3,large_change
37E9,decade3_minus_decade1,1985-1994,2005-2015,42072.9,6590.545454545454,-35482.354545454546,-84.33541435331186,35482.354545454546,3,large_change
37F0,decade3_minus_decade1,1985-1994,2005-2015,52022.8,7245.090909090909,-44777.70909090909,-86.07323921609196,44777.70909090909,3,large_change
37F1,decade3_minus_decade1,1985-1994,2005-2015,50133.3,9533.818181818182,-40599.48181818182,-80.98306279096293,40599.48181818182,3,large_change
37F2,decade3_minus_decade1,1985-1994,2005-2015,43951.7,17456.454545454544,-26495.245454545453,-60.28264084107203,26495.245454545453,3,large_change
37F3,decade3_minus_decade1,1985-1994,2005-2015,19994,6023.363636363636,-13970.636363636364,-69.87414406140024,13970.636363636364,3,large_change
37F4,decade3_minus_decade1,1985-1994,2005-2015,28703.2,14057.272727272728,-14645.927272727273,-51.025416234870235,14645.927272727273,3,large_change
37F5,decade3_minus_decade1,1985-1994,2005-2015,22736.9,16051.818181818182,-6685.0818181818195,-29.40190535289252,6685.0818181818195,2,moderate
37F6,decade3_minus_decade1,1985-1994,2005-2015,31470.7,15173,-16297.7,-51.78690019605538,16297.7,3,large_change
37F7,decade3_minus_decade1,1985-1994,2005-2015,43395.6,21853.909090909092,-21541.690909090907,-49.64026516303706,21541.690909090907,3,large_change
37F8,decade3_minus_decade1,1985-1994,2005-2015,28703.7,95493.45454545454,66789.75454545455,232.68691682763736,66789.75454545455,3,large_change
38E8,decade3_minus_decade1,1985-1994,2005-2015,32913,29610,-3303,-10.035548263604047,3303,1,stable
38E9,decade3_minus_decade1,1985-1994,2005-2015,42866.3,11153.727272727272,-31712.57272727273,-73.98019592843966,31712.57272727273,3,large_change
38F0,decade3_minus_decade1,1985-1994,2005-2015,23626.5,1798.3636363636363,-21828.136363636364,-92.38836206647774,21828.136363636364,3,large_change
38F1,decade3_minus_decade1,1985-1994,2005-2015,31088.4,6510.909090909091,-24577.49090909091,-79.0567893783241,24577.49090909091,3,large_change
38F2,decade3_minus_decade1,1985-1994,2005-2015,13033,2772,-10261,-78.73091383411341,10261,2,moderate
38F3,decade3_minus_decade1,1985-1994,2005-2015,13829.6,2901.818181818182,-10927.781818181818,-79.01733830466404,10927.781818181818,3,large_change
38F4,decade3_minus_decade1,1985-1994,2005-2015,19356.1,5263.818181818182,-14092.281818181817,-72.8053782434572,14092.281818181817,3,large_change
38F5,decade3_minus_decade1,1985-1994,2005-2015,12084.7,6540.181818181818,-5544.518181818183,-45.8804784712751,5544.518181818183,2,moderate
38F6,decade3_minus_decade1,1985-1994,2005-2015,25014.5,10736.727272727272,-14277.772727272728,-57.07798567739802,14277.772727272728,3,large_change
38F7,decade3_minus_decade1,1985-1994,2005-2015,30219.8,15897.545454545454,-14322.254545454545,-47.39361129277674,14322.254545454545,3,large_change
38F8,decade3_minus_decade1,1985-1994,2005-2015,4050.5,50786.09090909091,46735.59090909091,1153.8227603775067,46735.59090909091,3,large_change
39E8,decade3_minus_decade1,1985-1994,2005-2015,73393,24833.545454545456,-48559.454545454544,-66.16360490163169,48559.454545454544,3,large_change
39E9,decade3_minus_decade1,1985-1994,2005-2015,22712.1,12670.545454545454,-10041.554545454544,-44.21235616897841,10041.554545454544,2,moderate
39F0,decade3_minus_decade1,1985-1994,2005-2015,17492.9,2190,-15302.900000000001,-87.48063500048592,15302.900000000001,3,large_change
39F1,decade3_minus_decade1,1985-1994,2005-2015,30147.6,11078,-19069.6,-63.254123047937476,19069.6,3,large_change
39F2,decade3_minus_decade1,1985-1994,2005-2015,12762,2370.5454545454545,-10391.454545454546,-81.42496901312134,10391.454545454546,3,large_change
39F3,decade3_minus_decade1,1985-1994,2005-2015,19124.4,4687.272727272727,-14437.127272727274,-75.49061551069457,14437.127272727274,3,large_change
39F4,decade3_minus_decade1,1985-1994,2005-2015,21556.5,4480.545454545455,-17075.954545454544,-79.21487507459256,17075.954545454544,3,large_change
39F5,decade3_minus_decade1,1985-1994,2005-2015,19834.6,7598.272727272727,-12236.32727272727,-61.691827779371764,12236.32727272727,3,large_change
39F6,decade3_minus_decade1,1985-1994,2005-2015,49576.1,18332.363636363636,-31243.736363636363,-63.02177130439136,31243.736363636363,3,large_change
39F7,decade3_minus_decade1,1985-1994,2005-2015,53657,14861.90909090909,-38795.09090909091,-72.30201261548524,38795.09090909091,3,large_change
39F8,decade3_minus_decade1,1985-1994,2005-2015,17754.6,49592.09090909091,31837.490909090913,179.31967438912122,31837.490909090913,3,large_change
40E6,decade3_minus_decade1,1985-1994,2005-2015,55.6,20,-35.6,-64.02877697841727,35.6,1,stable
40E7,decade3_minus_decade1,1985-1994,2005-2015,23114.3,6497.090909090909,-16617.20909090909,-71.89146584975141,16617.20909090909,3,large_change
40E8,decade3_minus_decade1,1985-1994,2005-2015,20111.7,1534.4545454545455,-18577.245454545457,-92.37033892980432,18577.245454545457,3,large_change
40E9,decade3_minus_decade1,1985-1994,2005-2015,4841.4,1252,-3589.3999999999996,-74.13971165365389,3589.3999999999996,2,moderate
40F0,decade3_minus_decade1,1985-1994,2005-2015,6417.1,380.1818181818182,-6036.918181818182,-94.07548864468657,6036.918181818182,2,moderate
40F1,decade3_minus_decade1,1985-1994,2005-2015,6778,625.3636363636364,-6152.636363636364,-90.77362590198234,6152.636363636364,2,moderate
40F2,decade3_minus_decade1,1985-1994,2005-2015,7411.3,1217.8181818181818,-6193.481818181818,-83.56808951441471,6193.481818181818,2,moderate
40F3,decade3_minus_decade1,1985-1994,2005-2015,11901.1,1818.2727272727273,-10082.827272727272,-84.7218095195173,10082.827272727272,2,moderate
40F4,decade3_minus_decade1,1985-1994,2005-2015,17165.4,5462.363636363636,-11703.036363636365,-68.17805797497503,11703.036363636365,3,large_change
40F5,decade3_minus_decade1,1985-1994,2005-2015,28984.7,16719.636363636364,-12265.063636363637,-42.315648036252355,12265.063636363637,3,large_change
40F6,decade3_minus_decade1,1985-1994,2005-2015,25138.4,9437.181818181818,-15701.218181818183,-62.45909915435423,15701.218181818183,3,large_change
40F7,decade3_minus_decade1,1985-1994,2005-2015,38829.6,23304.363636363636,-15525.236363636363,-39.98299329283939,15525.236363636363,3,large_change
40F8,decade3_minus_decade1,1985-1994,2005-2015,3433.1,18614.272727272728,15181.172727272728,442.20013187127455,15181.172727272728,3,large_change
41E6,decade3_minus_decade1,1985-1994,2005-2015,4388.6,8981.6,4593,104.65752176092603,4593,2,moderate
41E7,decade3_minus_decade1,1985-1994,2005-2015,67036.7,24888.636363636364,-42148.06363636363,-62.873118211910246,42148.06363636363,3,large_change
41E8,decade3_minus_decade1,1985-1994,2005-2015,8017.2,663.1818181818182,-7354.018181818182,-91.7280120468266,7354.018181818182,2,moderate
41E9,decade3_minus_decade1,1985-1994,2005-2015,2290,346.3636363636364,-1943.6363636363635,-84.87495037713379,1943.6363636363635,1,stable
41F0,decade3_minus_decade1,1985-1994,2005-2015,6123,1245.6363636363637,-4877.363636363636,-79.65643698127774,4877.363636363636,2,moderate
41F1,decade3_minus_decade1,1985-1994,2005-2015,5365.4,958.1818181818182,-4407.218181818182,-82.14146534868196,4407.218181818182,2,moderate
41F2,decade3_minus_decade1,1985-1994,2005-2015,4574.5,1278.8181818181818,-3295.681818181818,-72.04463478373195,3295.681818181818,1,stable
41F3,decade3_minus_decade1,1985-1994,2005-2015,8167.1,1839.1818181818182,-6327.918181818182,-77.48060121485206,6327.918181818182,2,moderate
41F4,decade3_minus_decade1,1985-1994,2005-2015,12379.6,2183.3636363636365,-10196.236363636364,-82.36321338037065,10196.236363636364,2,moderate
41F5,decade3_minus_decade1,1985-1994,2005-2015,39226.3,18179.272727272728,-21047.027272727275,-53.65539771206378,21047.027272727275,3,large_change
41F6,decade3_minus_decade1,1985-1994,2005-2015,36384.9,9487.09090909091,-26897.80909090909,-73.92574691948883,26897.80909090909,3,large_change
41F7,decade3_minus_decade1,1985-1994,2005-2015,41046.1,11531.727272727272,-29514.372727272726,-71.90542518600482,29514.372727272726,3,large_change
41F8,decade3_minus_decade1,1985-1994,2005-2015,1929.4,4151.363636363636,2221.963636363636,115.16345166184492,2221.963636363636,1,stable
42E7,decade3_minus_decade1,1985-1994,2005-2015,15970.3,2064.5454545454545,-13905.754545454545,-87.07259441246906,13905.754545454545,3,large_change
42E8,decade3_minus_decade1,1985-1994,2005-2015,6934.5,190.8,-6743.7,-97.2485399091499,6743.7,2,moderate
42E9,decade3_minus_decade1,1985-1994,2005-2015,3060.4,260.72727272727275,-2799.6727272727276,-91.48061453642424,2799.6727272727276,1,stable
42F0,decade3_minus_decade1,1985-1994,2005-2015,9410.6,3626.6363636363635,-5783.963636363636,-61.462219586037406,5783.963636363636,2,moderate
42F1,decade3_minus_decade1,1985-1994,2005-2015,2765.9,889.9090909090909,-1875.990909090909,-67.82569540080658,1875.990909090909,1,stable
42F2,decade3_minus_decade1,1985-1994,2005-2015,3884.9,1594.4545454545455,-2290.4454545454546,-58.95764252736119,2290.4454545454546,1,stable
42F3,decade3_minus_decade1,1985-1994,2005-2015,9803.3,1455.1818181818182,-8348.118181818181,-85.15620435790174,8348.118181818181,2,moderate
42F4,decade3_minus_decade1,1985-1994,2005-2015,11510.4,1753.4545454545455,-9756.945454545454,-84.76634569211717,9756.945454545454,2,moderate
42F5,decade3_minus_decade1,1985-1994,2005-2015,12110,4756.181818181818,-7353.818181818182,-60.72517078297425,7353.818181818182,2,moderate
42F6,decade3_minus_decade1,1985-1994,2005-2015,28019,12264.09090909091,-15754.90909090909,-56.229376818976725,15754.90909090909,3,large_change
42F7,decade3_minus_decade1,1985-1994,2005-2015,41149.2,16677.727272727272,-24471.472727272725,-59.470105681939685,24471.472727272725,3,large_change
42F8,decade3_minus_decade1,1985-1994,2005-2015,7404.3,3760.4545454545455,-3643.8454545454547,-49.212558304572404,3643.8454545454547,2,moderate
43E7,decade3_minus_decade1,1985-1994,2005-2015,2301.8,131.6,-2170.2000000000003,-94.2827352506734,2170.2000000000003,1,stable
43E8,decade3_minus_decade1,1985-1994,2005-2015,19754.5,518.5454545454545,-19235.954545454544,-97.37505148424178,19235.954545454544,3,large_change
43E9,decade3_minus_decade1,1985-1994,2005-2015,6899.7,1057.8181818181818,-5841.881818181818,-84.66863513169874,5841.881818181818,2,moderate
43F0,decade3_minus_decade1,1985-1994,2005-2015,6485,424.45454545454544,-6060.545454545455,-93.4548258218266,6060.545454545455,2,moderate
43F1,decade3_minus_decade1,1985-1994,2005-2015,2761.8,369.6363636363636,-2392.1636363636367,-86.61610675514652,2392.1636363636367,1,stable
43F2,decade3_minus_decade1,1985-1994,2005-2015,2570.2,691.6363636363636,-1878.5636363636363,-73.09017338587022,1878.5636363636363,1,stable
43F3,decade3_minus_decade1,1985-1994,2005-2015,6752.5,1912.2727272727273,-4840.227272727273,-71.68052236545388,4840.227272727273,2,moderate
43F4,decade3_minus_decade1,1985-1994,2005-2015,17726.9,1677.7272727272727,-16049.17272727273,-90.53569844289034,16049.17272727273,3,large_change
43F5,decade3_minus_decade1,1985-1994,2005-2015,21711.6,3409.5454545454545,-18302.054545454543,-84.296203621357,18302.054545454543,3,large_change
43F6,decade3_minus_decade1,1985-1994,2005-2015,18963.1,8978.09090909091,-9985.009090909089,-52.654940863619814,9985.009090909089,2,moderate
43F7,decade3_minus_decade1,1985-1994,2005-2015,52647.3,28893.81818181818,-23753.481818181823,-45.118138666525766,23753.481818181823,3,large_change
44E6,decade3_minus_decade1,1985-1994,2005-2015,26435.3,13901.454545454546,-12533.845454545453,-47.413290012012176,12533.845454545453,3,large_change
44E7,decade3_minus_decade1,1985-1994,2005-2015,48175.4,8559,-39616.4,-82.23367112675764,39616.4,3,large_change
44E8,decade3_minus_decade1,1985-1994,2005-2015,34297,1544.4545454545453,-32752.545454545456,-95.496823204786,32752.545454545456,3,large_change
44E9,decade3_minus_decade1,1985-1994,2005-2015,15043.5,3591.818181818182,-11451.681818181818,-76.12378647377152,11451.681818181818,3,large_change
44F0,decade3_minus_decade1,1985-1994,2005-2015,22027,3538.2727272727275,-18488.727272727272,-83.9366562524505,18488.727272727272,3,large_change
44F1,decade3_minus_decade1,1985-1994,2005-2015,4923.6,547.5454545454545,-4376.054545454546,-88.87916454331274,4376.054545454546,2,moderate
44F2,decade3_minus_decade1,1985-1994,2005-2015,9616.5,766.8181818181818,-8849.681818181818,-92.02601589124752,8849.681818181818,2,moderate
44F3,decade3_minus_decade1,1985-1994,2005-2015,19223.3,3232.090909090909,-15991.209090909091,-83.18659694698148,15991.209090909091,3,large_change
44F4,decade3_minus_decade1,1985-1994,2005-2015,12586.4,3084.818181818182,-9501.581818181818,-75.49086170931973,9501.581818181818,2,moderate
44F5,decade3_minus_decade1,1985-1994,2005-2015,21698.7,11351.90909090909,-10346.79090909091,-47.68392073760599,10346.79090909091,3,large_change
44F6,decade3_minus_decade1,1985-1994,2005-2015,19917.6,13828.363636363636,-6089.2363636363625,-30.57213903098949,6089.2363636363625,2,moderate
45E6,decade3_minus_decade1,1985-1994,2005-2015,1961.6,631.0909090909091,-1330.509090909091,-67.82774729348955,1330.509090909091,1,stable
45E7,decade3_minus_decade1,1985-1994,2005-2015,8893,1654.909090909091,-7238.090909090909,-81.39087944552918,7238.090909090909,2,moderate
45E8,decade3_minus_decade1,1985-1994,2005-2015,30613.7,5045.909090909091,-25567.79090909091,-83.51748043879344,25567.79090909091,3,large_change
45E9,decade3_minus_decade1,1985-1994,2005-2015,18749.3,6852.181818181818,-11897.118181818181,-63.45366590655748,11897.118181818181,3,large_change
45F0,decade3_minus_decade1,1985-1994,2005-2015,71347.9,8624.727272727272,-62723.17272727272,-87.9117293252818,62723.17272727272,3,large_change
45F1,decade3_minus_decade1,1985-1994,2005-2015,19133.9,3667.181818181818,-15466.718181818183,-80.83411213510148,15466.718181818183,3,large_change
45F2,decade3_minus_decade1,1985-1994,2005-2015,7513.5,1874.6363636363635,-5638.863636363636,-75.04975891879465,5638.863636363636,2,moderate
45F3,decade3_minus_decade1,1985-1994,2005-2015,9232.9,3396.6363636363635,-5836.263636363636,-63.21159805005616,5836.263636363636,2,moderate
45F4,decade3_minus_decade1,1985-1994,2005-2015,17116.7,7966.454545454546,-9150.245454545455,-53.45799981623476,9150.245454545455,2,moderate
45F5,decade3_minus_decade1,1985-1994,2005-2015,7130.1,3463.5454545454545,-3666.554545454546,-51.42360619703154,3666.554545454546,2,moderate
45F6,decade3_minus_decade1,1985-1994,2005-2015,286,150.63636363636363,-135.36363636363637,-47.329942784488246,135.36363636363637,1,stable
46E6,decade3_minus_decade1,1985-1994,2005-2015,44.3,848.9090909090909,804.6090909090909,1816.273342909912,804.6090909090909,1,stable
46E7,decade3_minus_decade1,1985-1994,2005-2015,2677.1,263.3636363636364,-2413.7363636363634,-90.16235342857433,2413.7363636363634,1,stable
46E8,decade3_minus_decade1,1985-1994,2005-2015,7738.7,2415.909090909091,-5322.790909090909,-68.78146082792857,5322.790909090909,2,moderate
46E9,decade3_minus_decade1,1985-1994,2005-2015,15879.3,4534.363636363636,-11344.936363636363,-71.44481408901125,11344.936363636363,3,large_change
46F0,decade3_minus_decade1,1985-1994,2005-2015,32325.4,7266.363636363636,-25059.036363636365,-77.52119498486134,25059.036363636365,3,large_change
46F1,decade3_minus_decade1,1985-1994,2005-2015,6283,2022.6363636363635,-4260.363636363636,-67.8077930345955,4260.363636363636,2,moderate
46F2,decade3_minus_decade1,1985-1994,2005-2015,2492,1131.7272727272727,-1360.2727272727273,-54.58558295636948,1360.2727272727273,1,stable
46F3,decade3_minus_decade1,1985-1994,2005-2015,13819.6,6398.363636363636,-7421.236363636364,-53.70080439112829,7421.236363636364,2,moderate
46F4,decade3_minus_decade1,1985-1994,2005-2015,1151.3,472.3636363636364,-678.9363636363636,-58.97128147627583,678.9363636363636,1,stable
46F5,decade3_minus_decade1,1985-1994,2005-2015,286.7,159.1818181818182,-127.5181818181818,-44.477914830199445,127.5181818181818,1,stable
46F6,decade3_minus_decade1,1985-1994,2005-2015,8,2,-6,-75,6,1,stable
47E6,decade3_minus_decade1,1985-1994,2005-2015,925,2041.090909090909,1116.090909090909,120.65847665847664,1116.090909090909,1,stable
47E7,decade3_minus_decade1,1985-1994,2005-2015,2653.5,138.66666666666669,-2514.8333333333335,-94.77419760065322,2514.8333333333335,1,stable
47E8,decade3_minus_decade1,1985-1994,2005-2015,4218.8,954,-3264.8,-77.38693467336682,3264.8,1,stable
47E9,decade3_minus_decade1,1985-1994,2005-2015,11672.5,3082.5454545454545,-8589.954545454546,-73.59138612511926,8589.954545454546,2,moderate
47F0,decade3_minus_decade1,1985-1994,2005-2015,13649.1,3481.6363636363635,-10167.463636363636,-74.49182463579017,10167.463636363636,2,moderate
47F1,decade3_minus_decade1,1985-1994,2005-2015,4298.1,1552.6363636363635,-2745.463636363637,-63.876215917815706,2745.463636363637,1,stable
47F2,decade3_minus_decade1,1985-1994,2005-2015,5363.7,1978.7272727272727,-3384.972727272727,-63.10891226714259,3384.972727272727,2,moderate
47F3,decade3_minus_decade1,1985-1994,2005-2015,12673.9,5963.454545454545,-6710.445454545455,-52.94696545298175,6710.445454545455,2,moderate
47F4,decade3_minus_decade1,1985-1994,2005-2015,158.2,127.72727272727273,-30.472727272727255,-19.262153775428104,30.472727272727255,1,stable
47F5,decade3_minus_decade1,1985-1994,2005-2015,131.4,58.25,-73.15,-55.66971080669711,73.15,1,stable
48E6,decade3_minus_decade1,1985-1994,2005-2015,1798.5,1347.7272727272727,-450.77272727272725,-25.063815806101044,450.77272727272725,1,stable
48E7,decade3_minus_decade1,1985-1994,2005-2015,2043.9,350.81818181818187,-1693.081818181818,-82.83584413042801,1693.081818181818,1,stable
48E8,decade3_minus_decade1,1985-1994,2005-2015,11322.3,1107.7272727272725,-10214.572727272727,-90.21641121744457,10214.572727272727,2,moderate
48E9,decade3_minus_decade1,1985-1994,2005-2015,5807.7,1830.8181818181818,-3976.881818181818,-68.47602007992523,3976.881818181818,2,moderate
48F0,decade3_minus_decade1,1985-1994,2005-2015,6371.5,3052.7272727272725,-3318.7727272727275,-52.08777724668803,3318.7727272727275,1,stable
48F1,decade3_minus_decade1,1985-1994,2005-2015,2120.3,1053.8181818181818,-1066.4818181818184,-50.298628410216395,1066.4818181818184,1,stable
48F2,decade3_minus_decade1,1985-1994,2005-2015,2737.3,777.1818181818182,-1960.118181818182,-71.60772227443765,1960.118181818182,1,stable
48F3,decade3_minus_decade1,1985-1994,2005-2015,11009.8,4980.727272727273,-6029.072727272726,-54.76096502454837,6029.072727272726,2,moderate
48F4,decade3_minus_decade1,1985-1994,2005-2015,171.3,731.4,560.0999999999999,326.970227670753,560.0999999999999,1,stable
48F5,decade3_minus_decade1,1985-1994,2005-2015,93.1,60,-33.099999999999994,-35.5531686358754,33.099999999999994,1,stable
49E6,decade3_minus_decade1,1985-1994,2005-2015,4413.3,2437.909090909091,-1975.3909090909092,-44.75995080984544,1975.3909090909092,1,stable
49E7,decade3_minus_decade1,1985-1994,2005-2015,2184.3,1664.6363636363635,-519.6636363636367,-23.790854569593765,519.6636363636367,1,stable
49E8,decade3_minus_decade1,1985-1994,2005-2015,241.8,1482.909090909091,1241.109090909091,513.2791939243552,1241.109090909091,1,stable
49E9,decade3_minus_decade1,1985-1994,2005-2015,10127.8,2464,-7663.799999999999,-75.67092557120006,7663.799999999999,2,moderate
49F0,decade3_minus_decade1,1985-1994,2005-2015,24327.9,5405.545454545454,-18922.354545454546,-77.78046829136319,18922.354545454546,3,large_change
49F1,decade3_minus_decade1,1985-1994,2005-2015,11765.2,2777.5454545454545,-8987.654545454547,-76.39185517844615,8987.654545454547,2,moderate
49F2,decade3_minus_decade1,1985-1994,2005-2015,2985.6,1132.7272727272727,-1852.8727272727272,-62.06031374841664,1852.8727272727272,1,stable
49F3,decade3_minus_decade1,1985-1994,2005-2015,10293.3,5489.272727272727,-4804.027272727272,-46.671400549165696,4804.027272727272,2,moderate
49F4,decade3_minus_decade1,1985-1994,2005-2015,110.5,512.9090909090909,402.4090909090909,364.17112299465236,402.4090909090909,1,stable
49F5,decade3_minus_decade1,1985-1994,2005-2015,33.5,62,28.5,85.07462686567165,28.5,1,stable
50E6,decade3_minus_decade1,1985-1994,2005-2015,1294.4,640.3636363636364,-654.0363636363637,-50.5281492302506,654.0363636363637,1,stable
50E7,decade3_minus_decade1,1985-1994,2005-2015,8072.7,3677.6363636363635,-4395.063636363637,-54.44353978673352,4395.063636363637,2,moderate
50E8,decade3_minus_decade1,1985-1994,2005-2015,3043.6,3357.3636363636365,313.7636363636366,10.308964264806038,313.7636363636366,1,stable
50E9,decade3_minus_decade1,1985-1994,2005-2015,19884.8,4242.363636363636,-15642.436363636363,-78.66529391110981,15642.436363636363,3,large_change
50F0,decade3_minus_decade1,1985-1994,2005-2015,12278.4,2150.6363636363635,-10127.763636363636,-82.48439239936503,10127.763636363636,2,moderate
50F1,decade3_minus_decade1,1985-1994,2005-2015,7587.4,1634.8181818181818,-5952.581818181818,-78.45351264177212,5952.581818181818,2,moderate
50F2,decade3_minus_decade1,1985-1994,2005-2015,4088.5,3142.6363636363635,-945.8636363636365,-23.134734899440783,945.8636363636365,1,stable
50F3,decade3_minus_decade1,1985-1994,2005-2015,5326.3,2562.4545454545455,-2763.8454545454547,-51.890532913006304,2763.8454545454547,1,stable
50F4,decade3_minus_decade1,1985-1994,2005-2015,3835.3,2479.714285714286,-1355.5857142857144,-35.3449720826458,1355.5857142857144,1,stable
50F5,decade3_minus_decade1,1985-1994,2005-2015,114,99.5,-14.5,-12.719298245614034,14.5,1,stable
51E6,decade3_minus_decade1,1985-1994,2005-2015,27.833333333333336,9.363636363636363,-18.469696969696972,-66.3581927054981,18.469696969696972,1,stable
51E7,decade3_minus_decade1,1985-1994,2005-2015,760.9,282.54545454545456,-478.3545454545454,-62.866939867859834,478.3545454545454,1,stable
51E8,decade3_minus_decade1,1985-1994,2005-2015,8452,4819.090909090909,-3632.909090909091,-42.98283354128125,3632.909090909091,2,moderate
51E9,decade3_minus_decade1,1985-1994,2005-2015,13545.5,2713.4545454545455,-10832.045454545454,-79.96785245687094,10832.045454545454,3,large_change
51F0,decade3_minus_decade1,1985-1994,2005-2015,8983.2,1385.7272727272727,-7597.472727272728,-84.57423554271003,7597.472727272728,2,moderate
51F1,decade3_minus_decade1,1985-1994,2005-2015,6903,2593.090909090909,-4309.909090909091,-62.43530480818617,4309.909090909091,2,moderate
51F2,decade3_minus_decade1,1985-1994,2005-2015,10510.2,4706.181818181818,-5804.018181818183,-55.222718709617155,5804.018181818183,2,moderate
51F3,decade3_minus_decade1,1985-1994,2005-2015,880.7,68.36363636363636,-812.3363636363637,-92.23757961125963,812.3363636363637,1,stable
51F4,decade3_minus_decade1,1985-1994,2005-2015,53.9,14,-39.9,-74.02597402597402,39.9,1,stable
52E6,decade3_minus_decade1,1985-1994,2005-2015,57.75,15,-42.75,-74.02597402597402,42.75,1,stable
52E7,decade3_minus_decade1,1985-1994,2005-2015,90.5,28.75,-61.75,-68.23204419889503,61.75,1,stable
52E8,decade3_minus_decade1,1985-1994,2005-2015,1192.6,316.1818181818182,-876.4181818181817,-73.48802463677525,876.4181818181817,1,stable
52E9,decade3_minus_decade1,1985-1994,2005-2015,8485.8,2255.181818181818,-6230.618181818181,-73.42405173134155,6230.618181818181,2,moderate
52F0,decade3_minus_decade1,1985-1994,2005-2015,10667.8,2970.909090909091,-7696.890909090908,-72.1506862623119,7696.890909090908,2,moderate
52F1,decade3_minus_decade1,1985-1994,2005-2015,11101.1,2418.6363636363635,-8682.463636363636,-78.21264231800124,8682.463636363636,2,moderate
52F2,decade3_minus_decade1,1985-1994,2005-2015,950.1,327.625,-622.475,-65.51678770655721,622.475,1,stable
52F3,decade3_minus_decade1,1985-1994,2005-2015,212.3,25.6,-186.70000000000002,-87.9415920866698,186.70000000000002,1,stable
52F4,decade3_minus_decade1,1985-1994,2005-2015,125.4,17,-108.4,-86.44338118022328,108.4,1,stable
