stat_rec,n_hauls,mean_D,mean_size_CV,year_min_seen,year_max_seen,mean_annual_hours_total
28E9,8,0.6410168241669018,0.4609414822984345,2010,2013,NA
28F0,24,0.6449557339836426,0.28222002596288553,2007,2015,NA
29E9,11,0.515332343200146,0.6072617590892476,2009,2013,NA
29F0,30,0.6205316759087314,0.3519479331268318,2007,2015,NA
29F1,23,0.6693863987168568,0.42591151640175917,2007,2015,NA
30F0,31,0.5131489841598027,0.44692723671304396,2007,2015,NA
30F1,34,0.6387176610527306,0.3421007121536662,2007,2015,NA
31F1,54,0.622366169242838,0.4475910385843371,1992,2015,57692.5806451613
31F2,63,0.671294139785611,0.4059460518091821,1985,2015,45377.8064516129
31F3,5,0.6738134703801288,0.43440473676992397,2009,2014,21493.290322580644
32F1,76,0.6468358478097788,0.5335390809289835,1985,2015,33904.74193548387
32F2,64,0.6181198780409384,0.414737891029399,1985,2015,27952.129032258064
32F3,48,0.5849174526199684,0.563835975924958,1985,2015,29421.548387096773
33F1,62,0.7262257298302524,0.6050899012359534,1985,2015,8061.193548387096
33F2,72,0.6650326691954079,0.5531569734523635,1985,2015,25560.645161290322
33F3,82,0.6310444252233913,0.3759584372003129,1985,2015,36314.87096774193
33F4,78,0.700612925665984,0.4998868775734374,1985,2015,21881.064516129034
34F1,48,0.7145405916834969,0.6320241065554377,1985,2015,1913.354838709677
34F2,63,0.7701077657409193,0.609948575618186,1985,2015,24964.870967741936
34F3,84,0.6546688874862147,0.38111534531922986,1985,2015,21291.41935483871
34F4,89,0.6798748506034804,0.4504622351071929,1985,2015,26207
35F0,47,0.5781565464116553,0.5990250199942376,1985,2015,9326.032258064517
35F1,57,0.5388512419000882,0.5378306207032721,1985,2015,4178.612903225807
35F2,65,0.6297987468559623,0.6326565095907425,1985,2015,18517.225806451614
35F3,75,0.6723063018466627,0.6095985432502429,1985,2015,22357.548387096773
35F4,87,0.6638971514949172,0.4775079308279006,1985,2015,28272.774193548386
36F0,65,0.6115229145630969,0.5132871522421406,1985,2015,6222.709677419354
36F1,74,0.6234499876719826,0.4638176060211888,1985,2015,8523.193548387095
36F2,76,0.6442431846817732,0.5000824907015002,1985,2015,19729.354838709674
36F3,92,0.6945156827884149,0.5171453924647227,1985,2015,19164.032258064515
36F4,93,0.7045546822521391,0.5319339005452616,1985,2015,28505.064516129034
36F5,104,0.6154882426213062,0.5012642171388387,1985,2015,22188.516129032258
36F6,91,0.6865114907623874,0.5037503557037472,1985,2015,39415.967741935485
36F7,78,0.6334004010903284,0.5503969909061018,1985,2015,40873.032258064515
37E9,20,0.5519609485370437,0.5349840105470659,1985,2007,25467.806451612898
37F0,71,0.6370856257543102,0.5228587693987686,1985,2015,30485.645161290322
37F1,70,0.6138874758308687,0.47311544413578555,1985,2015,32300.032258064515
37F2,68,0.644507495991338,0.42073090478746206,1985,2015,35884.54838709677
37F3,92,0.6352403008868455,0.47934709641624634,1985,2015,14877.419354838708
37F4,90,0.621498532410887,0.5039804200065727,1985,2015,26115.90322580645
37F5,95,0.6443273551125093,0.5251858166279324,1985,2015,22124.290322580648
37F6,94,0.5984446922340059,0.5635142847354043,1985,2015,27076.870967741932
37F7,105,0.6295623258019016,0.5157947971360286,1985,2015,34432.35483870968
37F8,72,0.6640884962483752,0.5136851922662306,1985,2015,75348.7741935484
38E9,61,0.5915164526967075,0.46416156228377203,1985,2015,27225.258064516132
38F0,70,0.548018411319753,0.44722487789499593,1985,2015,12652.58064516129
38F1,69,0.6446829354765152,0.4369784314149139,1985,2015,18963.967741935485
38F2,67,0.7165524684828086,0.4755913713435061,1985,2015,9138.806451612903
38F3,72,0.6162204399203404,0.4144689618151202,1985,2015,9374.967741935483
38F4,78,0.629376496730893,0.45373446719118743,1985,2015,14545.032258064517
38F5,91,0.682654828502327,0.46733875067180153,1985,2015,10696.322580645163
38F6,99,0.5851313400447938,0.5044653403260955,1985,2015,20343.09677419355
38F7,111,0.6615427680535799,0.4997397299779441,1985,2015,22089.258064516132
38F8,40,0.6307326387949529,0.74350639752965475,1985,2015,39785.96774193548
39E8,59,0.6459602937447118,0.537093701634837,1985,2015,43329.4193548387
39E9,65,0.5507004728906936,0.5273099765658851,1985,2015,20517.064516129034
39F0,68,0.5630778032845579,0.4086055908980464,1985,2015,8435.709677419356
39F1,77,0.6512328479562501,0.4783364799443941,1985,2015,20967.41935483871
39F2,78,0.6626203030952744,0.4619858669521579,1985,2015,8257.258064516129
39F3,68,0.6348462405914295,0.4426434421953876,1985,2015,13628.096774193551
39F4,82,0.6317022315188514,0.3930491851849756,1985,2015,14620.483870967742
39F5,78,0.6907682571377802,0.40331405770275713,1985,2015,14405.935483870966
39F6,87,0.6207882138246489,0.5110058950697492,1985,2015,39363.32258064517
39F7,101,0.653171114746372,0.4871757627386129,1985,2015,34737.903225806454
39F8,43,0.6354621351888503,0.7347303548201987,1986,2015,39971.67741935483
40E8,61,0.5327189340590239,0.5369813226638984,1985,2015,9065.741935483868
40E9,67,0.5338000014629104,0.4666405477319345,1985,2015,2898.7096774193546
40F0,69,0.5479968062325369,0.439920810321704,1985,2015,2981.0967741935483
40F1,74,0.5456870979065425,0.47491884345340496,1985,2015,3414.548387096775
40F2,72,0.6029702287506826,0.4217761385455605,1985,2015,3971.903225806452
40F3,77,0.6093791544738499,0.4490252880018545,1985,2015,6627.903225806451
40F4,79,0.6462539074083257,0.4422138927627963,1985,2015,12276.096774193551
40F5,66,0.6228758945545924,0.45293596524783436,1985,2015,24791.58064516129
40F6,70,0.6159480601645507,0.5880946181393383,1985,2015,18988
40F7,74,0.6091356077744179,0.5544650186115835,1985,2015,29519.645161290326
40G2,8,0.7558864429827011,0.3632913122879154,2004,2010,NA
41E7,67,0.554905410818395,0.44863366500392643,1985,2015,43508.967741935485
41E8,72,0.5869318651058378,0.5383930545990051,1985,2015,4747.806451612904
41E9,68,0.4953836540317804,0.4971919264598411,1985,2015,1729.451612903226
41F0,67,0.5631625312586692,0.41346759568780383,1985,2015,3412.7419354838707
41F1,64,0.5489304273847664,0.44098839430240844,1985,2015,2753.903225806452
41F2,62,0.6025980861629326,0.48583745302714026,1985,2015,2919
41F3,63,0.5662382304890887,0.3994157368297096,1985,2015,5224.064516129033
41F4,79,0.6693356150732906,0.39034699126677336,1985,2015,7233.5161290322585
41F5,66,0.6160150183315655,0.46041788705015935,1985,2015,28195.161290322583
41F6,63,0.5577247031322818,0.6019733647599876,1985,2015,23953.064516129034
41F7,69,0.581341946765041,0.5954428743022727,1985,2015,27881.51612903226
41G0,26,0.6245774870794101,0.44790051414497883,1989,2015,NA
41G1,62,0.589876674587033,0.4832614284674847,1985,2015,NA
41G2,61,0.6517525468975744,0.44734701680082456,1985,2015,NA
42E7,48,0.5452553661697751,0.540663194393745,1985,2015,7922.838709677421
42E8,62,0.5572071876081233,0.5256231168582786,1985,2015,2992.266666666666
42E9,65,0.5111213995912071,0.527440474463708,1985,2015,1818.1935483870968
42F0,60,0.500589948705789,0.5083040674205452,1985,2015,6588.322580645162
42F1,59,0.6252419934504029,0.4130269434771732,1985,2015,1583.548387096774
42F2,67,0.5807047407549799,0.4368055388057413,1985,2015,2741.8709677419356
42F3,66,0.6780750277499764,0.5360528980146191,1985,2015,5021.4838709677415
42F4,75,0.7198569265112746,0.5151611277874403,1985,2015,6529.806451612904
42F5,76,0.6720755623960265,0.3930484366462639,1985,2015,8067.16129032258
42F6,77,0.579359656497501,0.5163841464876634,1985,2015,22363.483870967742
42F7,69,0.6226432165932948,0.6409235588295806,1985,2015,30018.290322580648
42G1,94,0.5662127202462833,0.5316342652215866,1985,2015,NA
42G2,103,0.6708725185411529,0.5192328219603356,1985,2015,NA
43E8,69,0.5570858214685109,0.45687311809043857,1985,2015,8223.096774193551
43E9,65,0.5562979988651737,0.511414098270999,1985,2015,4008.4838709677415
43F0,60,0.5218684648447659,0.5571661512176421,1985,2015,3049.58064516129
43F1,63,0.5919991294087804,0.4631674932655829,1985,2015,1343.2258064516127
43F2,67,0.5720638429068906,0.48374321443647234,1985,2015,1632.2258064516127
43F3,67,0.6521999994664577,0.513576783795192,1985,2015,3922.096774193548
43F4,67,0.661831207899335,0.5327119083299344,1985,2015,9097.032258064517
43F5,62,0.6615991534445872,0.5473258172185363,1985,2015,11198.064516129034
43F6,64,0.6118738918601371,0.509555638053062,1985,2015,14120.580645161292
43F7,62,0.5600496429879656,0.6564185149052892,1985,2015,42260.516129032265
43F8,61,0.5603516043353831,0.571444514487415,1985,2015,NA
43G0,29,0.6233160758200438,0.5261946835466792,1986,2015,NA
43G1,150,0.6085586355544568,0.579447559033283,1985,2015,NA
43G2,52,0.6436392749377065,0.5199729981212057,1986,2015,NA
44E6,61,0.5718215753989419,0.3954929340558834,1985,2015,20294.709677419352
44E7,65,0.5838828874052064,0.39949787724783353,1985,2015,24286.064516129034
44E8,64,0.5482561746496892,0.5743611812387304,1985,2015,14197.516129032263
44E9,66,0.5404035555519269,0.5101426954070131,1985,2015,9177.580645161292
44F0,65,0.5249915783108524,0.5069826641161481,1985,2015,12888.258064516132
44F1,64,0.5579478662621824,0.471546962531903,1985,2015,2449.58064516129
44F2,68,0.6089081937925299,0.47199122795242365,1985,2015,4418.032258064517
44F3,65,0.6124957918482727,0.5313780485701135,1985,2015,9339
44F4,65,0.6265237839321094,0.5459911117422612,1985,2015,6970
44F5,66,0.6527672688120559,0.5514308590820347,1985,2015,19268.709677419356
44F8,98,0.5273571561729246,0.553080308669949,1985,2015,NA
44F9,93,0.5736813461687257,0.4773273731254814,1985,2015,NA
44G0,120,0.4976553831005442,0.5976130977678615,1985,2015,NA
44G1,110,0.5363067850026271,0.5502584357025989,1985,2015,NA
45E6,60,0.5127327193494844,0.4233695405835094,1985,2015,1095.1290322580646
45E7,58,0.5803192865602262,0.5127614028716941,1985,2015,4401.935483870967
45E8,69,0.519782909108551,0.5015916633861741,1985,2015,16788.064516129034
45E9,68,0.5645300511900341,0.4531470291966251,1985,2015,13744.290322580644
45F0,65,0.756877389852706,0.4021867832628416,1985,2015,38805.70967741936
45F1,67,0.6947989390066424,0.4463689298454119,1985,2015,10352.322580645163
45F2,66,0.6100905039608947,0.4858293827291136,1985,2015,4106.161290322581
45F3,69,0.6287459792013351,0.546614014578303,1985,2015,6699.645161290323
45F4,61,0.6771089761014808,0.60688211150255,1985,2015,14311.193548387097
45F9,57,0.4998578179894947,0.68407198388287,1985,2015,NA
45G0,78,0.49032027548453516,0.6277043349229744,1985,2015,NA
45G1,94,0.5331863315989405,0.576671571946863,1985,2015,NA
46E6,18,0.5896448144209464,0.39473621952630933,1985,2015,1769.2258064516125
46E7,57,0.5738954729105924,0.44785170635030114,1985,2015,1179.6774193548385
46E8,68,0.5676898013675272,0.4437692101508665,1985,2015,5708.4516129032245
46E9,67,0.6110015018535466,0.40486542786381624,1985,2015,10942.483870967742
46F0,69,0.7121958498442533,0.38255663409002444,1985,2015,19514.161290322583
46F1,68,0.691493217157126,0.46371730114192916,1985,2015,4628.354838709677
46F2,70,0.5906089706921076,0.55517950586393106,1985,2015,1529.2903225806454
46F3,65,0.6894056824071183,0.6500147252966952,1985,2015,11744.935483870966
46G0,94,0.4852605662614178,0.5922289995426769,1985,2015,NA
46G1,6,0.6145371759620921,0.45805635653186033,1987,1997,NA
47E6,16,0.5031391905733815,0.385701585346708,2005,2015,4865.096774193548
47E7,59,0.5846077987953472,0.38438571402100186,1985,2015,1287.6206896551726
47E8,62,0.5735351006193579,0.3721438378615618,1985,2015,2219.290322580645
47E9,63,0.6390350542910687,0.3819514631274684,1985,2015,8197.096774193551
47F0,65,0.6865364717877905,0.44130850642875025,1985,2015,8943.096774193551
47F1,66,0.6341741094399921,0.5380617283068476,1985,2015,2933.0322580645166
47F2,60,0.7189034860744016,0.5187597137950526,1985,2015,3984.58064516129
47F3,58,0.7513910200009707,0.6162975678409142,1985,2015,11957
48E7,31,0.5210468684154583,0.4158189939249207,1985,2015,2137.2903225806454
48E8,48,0.5857828830004447,0.40459472499665483,1985,2015,5542.580645161291
48E9,61,0.6572107688489313,0.4347110474103691,1985,2015,3773.032258064517
48F0,67,0.654124521953825,0.5325451611784763,1985,2015,5167.774193548387
48F1,65,0.5955887825263905,0.6106723565252324,1985,2015,1547.5806451612905
48F2,60,0.6952392441454774,0.5865076878953052,1985,2015,1653.2903225806451
48F3,57,0.7332652657991489,0.5624709606817058,1985,2015,11327.709677419354
49E7,6,0.6417777623794342,0.5976089008510667,2010,2015,3749.096774193548
49E8,39,0.5500675815463588,0.4240282902845224,1985,2015,1868.6451612903227
49E9,45,0.7032059453458549,0.4136222340399655,1985,2015,7107.322580645163
49F0,58,0.6776704216531904,0.4738421841614331,1985,2015,13702.709677419358
49F1,61,0.6464699397477844,0.5954679643671447,1985,2015,6364.16129032258
49F2,60,0.5878720803817207,0.9070089832122032,1985,2015,2180.3870967741937
49F3,60,0.6247849855146566,0.5675805003101893,1985,2015,10904.419354838708
50E7,6,0.67929043514925,0.4475787169197817,2010,2015,6799.709677419354
50E8,33,0.660511958750722,0.5009848157729412,1985,2015,7463.5161290322585
50E9,45,0.5477215406825869,0.5576136123550473,1985,2015,15558.58064516129
50F0,59,0.6962885325197905,0.5427592923698502,1985,2015,6911.032258064517
50F1,56,0.7416314604558395,0.5555152335215717,1985,2015,4362.5161290322585
50F2,56,0.6388281505242663,0.6290702124364034,1985,2015,4540.645161290323
50F3,54,0.7112701485915199,0.595402936502556,1985,2015,5532.1612903225805
51E8,39,0.6473057736904958,0.5283881040361735,1985,2015,8331.677419354837
51E9,47,0.7010594741565273,0.43742749571044987,1985,2015,7924.580645161292
51F0,53,0.5998583239833372,0.5965705234740512,1985,2015,4653.225806451613
51F1,53,0.7130181228216357,0.5489290434900227,1985,2015,5468.322580645162
51F2,53,0.6234596871035215,0.6678710996491565,1985,2015,9382.741935483871
