variable,stat_rec,n_years_paired,correlation,p_value
D vs fishing_hours,31F1,21,0.07570776840180847,0.7443025186622272
D vs fishing_hours,31F2,30,0.09211736792067178,0.6282863940700333
D vs fishing_hours,31F3,5,-0.3071258641774625,0.615192893957864
D vs fishing_hours,32F1,31,-0.20400699443563836,0.2709781641808511
D vs fishing_hours,32F2,29,0.12603518670758665,0.5147425485041486
D vs fishing_hours,32F3,27,0.2002857552246995,0.3165044740032205
D vs fishing_hours,33F1,31,-0.19067655831335248,0.3041943795361852
D vs fishing_hours,33F2,31,0.13157051367455708,0.48048285237111066
D vs fishing_hours,33F3,31,-0.0771556886190455,0.6799384121375691
D vs fishing_hours,33F4,31,-0.09577609627892424,0.6082831303375926
D vs fishing_hours,34F1,30,0.09963037383146042,0.6004059382504571
D vs fishing_hours,34F2,31,0.24522548857391865,0.18363093493301827
D vs fishing_hours,34F3,31,0.03907008817279577,0.8347034146387928
D vs fishing_hours,34F4,31,-0.09799271083240381,0.5999694951044979
D vs fishing_hours,35F0,31,0.21874402084848826,0.23710648788584499
D vs fishing_hours,35F1,30,-0.06732176590182912,0.7237363269129897
D vs fishing_hours,35F2,31,0.49149318858131047,0.004985720693549365
D vs fishing_hours,35F3,31,-0.28354714275760634,0.12216065155262834
D vs fishing_hours,35F4,31,-0.09900825877436306,0.5961769254972635
D vs fishing_hours,35F5,4,0.8460740931190792,0.15392590688092078
D vs fishing_hours,36F0,31,-0.39035025640933624,0.029929467589444987
D vs fishing_hours,36F1,31,-0.1403680755429964,0.45135350805175456
D vs fishing_hours,36F2,31,0.22615747671244113,0.22118896936133725
D vs fishing_hours,36F3,31,0.0014896401518120837,0.9936543967276483
D vs fishing_hours,36F4,31,0.206016290499064,0.2661842288487148
D vs fishing_hours,36F5,31,-0.09520803699826978,0.6104214924577247
D vs fishing_hours,36F6,31,0.01452216881818344,0.9381961769293133
D vs fishing_hours,36F7,31,0.16846456089475398,0.3649758956381822
D vs fishing_hours,36F8,3,0.21893485515301156,0.8594835597258776
D vs fishing_hours,37E9,15,-0.6039497142396681,0.01711194734873175
D vs fishing_hours,37F0,31,0.0836895811810082,0.6544403850348037
D vs fishing_hours,37F1,31,-0.18555293765311637,0.3176139241812591
D vs fishing_hours,37F2,31,0.27065186448382883,0.14084661696139628
D vs fishing_hours,37F3,31,-0.11918086184838075,0.5230933602045558
D vs fishing_hours,37F4,31,0.0033758784147414397,0.9856199496085783
D vs fishing_hours,37F5,31,0.1803203156268898,0.3316920836225816
D vs fishing_hours,37F6,31,-0.1718244802012523,0.35534892009492725
D vs fishing_hours,37F7,31,0.194845558396891,0.29354246967280706
D vs fishing_hours,37F8,31,0.05451208824323116,0.7708566960617991
D vs fishing_hours,38E9,31,0.5023657767583414,0.003977656096555934
D vs fishing_hours,38F0,31,-0.16350820199253396,0.3794554235764197
D vs fishing_hours,38F1,31,-0.5413083177444743,0.0016629120221586951
D vs fishing_hours,38F2,31,0.15144227746082317,0.4160742210774525
D vs fishing_hours,38F3,31,0.16459803630791703,0.3762432340262012
D vs fishing_hours,38F4,31,0.005512786127863089,0.9765194839974406
D vs fishing_hours,38F5,31,0.2373397515769518,0.19857918349842216
D vs fishing_hours,38F6,31,-0.04755957668601315,0.7994473779042252
D vs fishing_hours,38F7,31,-0.01716796591798326,0.9269636662457372
D vs fishing_hours,38F8,27,-0.016232677374950794,0.9359498865578593
D vs fishing_hours,39E8,31,0.20538349184654234,0.26768800551348837
D vs fishing_hours,39E9,31,0.5275474945002689,0.0022899664267032206
D vs fishing_hours,39F0,31,-0.059842202998097324,0.7491336428026858
D vs fishing_hours,39F1,31,-0.3305857436804509,0.06930293188320413
D vs fishing_hours,39F2,31,-0.45189855414155483,0.010707526036444056
D vs fishing_hours,39F3,31,-0.11572287517889769,0.5353049693269225
D vs fishing_hours,39F4,31,-0.005081380336138156,0.9783565182403181
D vs fishing_hours,39F5,31,-0.0064161809763857765,0.9726729948160615
D vs fishing_hours,39F6,31,-0.07092241994720842,0.7045912720270988
D vs fishing_hours,39F7,31,-0.06279115229692173,0.7371944614178334
D vs fishing_hours,39F8,29,0.31502288600427786,0.09600923400067166
D vs fishing_hours,40E8,31,0.32606629886891253,0.0734310947606473
D vs fishing_hours,40E9,31,0.00684726048292927,0.9708377444809227
D vs fishing_hours,40F0,31,0.026828225825013124,0.8860845257644897
D vs fishing_hours,40F1,31,-0.128605182283197,0.4905151235670848
D vs fishing_hours,40F2,31,-0.09458535758674678,0.6127690850447574
D vs fishing_hours,40F3,31,0.02851088287090902,0.8789903867282308
D vs fishing_hours,40F4,31,0.21555852589007524,0.24417578993007777
D vs fishing_hours,40F5,31,0.04934694913393588,0.7920712460793664
D vs fishing_hours,40F6,31,-0.32740484509117035,0.07218907993905488
D vs fishing_hours,40F7,31,-0.3672576598889158,0.04211117776065139
D vs fishing_hours,41E7,31,0.50791851849774,0.003534211768127942
D vs fishing_hours,41E8,31,0.2342841400047928,0.20459170802783871
D vs fishing_hours,41E9,31,0.1260549545076135,0.4992275243904124
D vs fishing_hours,41F0,31,-0.13037224363071306,0.48452402180766785
D vs fishing_hours,41F1,31,-0.10995004467312823,0.555989536465632
D vs fishing_hours,41F2,31,-0.1716448037041839,0.35585986080982357
D vs fishing_hours,41F3,31,0.26582639456862406,0.14834808854876635
D vs fishing_hours,41F4,31,0.34131464473912315,0.0602254214064886
D vs fishing_hours,41F5,31,0.03026878133510698,0.8715888519107504
D vs fishing_hours,41F6,31,0.008750375001483625,0.9627374196904321
D vs fishing_hours,41F7,31,-0.2665682444847152,0.1471764290254016
D vs fishing_hours,42E7,29,0.045179981353217456,0.8159803344428815
D vs fishing_hours,42E8,30,0.09874264822035216,0.6036725856372975
D vs fishing_hours,42E9,31,-0.052416351406389394,0.7794457982956392
D vs fishing_hours,42F0,31,0.10831927422936907,0.5618988683534334
D vs fishing_hours,42F1,31,0.21748550423142465,0.2398828525535757
D vs fishing_hours,42F2,31,-0.4454461858882561,0.01202997566333369
D vs fishing_hours,42F3,31,-0.3538186840291462,0.05085359739444226
D vs fishing_hours,42F4,31,-0.2972026900766597,0.10444364921036638
D vs fishing_hours,42F5,31,-0.202754479926366,0.2739946814063075
D vs fishing_hours,42F6,31,-0.05744009428348971,0.7589012841344929
D vs fishing_hours,42F7,31,0.06415173018254768,0.7317059945570756
D vs fishing_hours,43E8,30,-0.2327462096315102,0.21582044853693794
D vs fishing_hours,43E9,31,-0.27044111513406033,0.1411683551174507
D vs fishing_hours,43F0,31,0.05458722362929644,0.770549250559795
D vs fishing_hours,43F1,31,0.1349784602262274,0.46908531982570767
D vs fishing_hours,43F2,31,0.14861938943088523,0.4249174058707469
D vs fishing_hours,43F3,31,-0.06847386256624943,0.7143580842463977
D vs fishing_hours,43F4,31,-0.4245040031351442,0.017302331610661602
D vs fishing_hours,43F5,30,-0.3227972787743451,0.08188965794463313
D vs fishing_hours,43F6,31,0.012700573519610675,0.9459365133215027
D vs fishing_hours,43F7,31,-0.12523634462407188,0.5020405682029896
D vs fishing_hours,44E6,31,-0.024376110405023275,0.8964380839792995
D vs fishing_hours,44E7,31,-0.47802166953890435,0.006531308906468339
D vs fishing_hours,44E8,31,-0.13284180781932037,0.4762145073806172
D vs fishing_hours,44E9,31,-0.5112556266957933,0.0032887440880454907
D vs fishing_hours,44F0,31,-0.065049833861734,0.7280902055521461
D vs fishing_hours,44F1,31,-0.3222813182039352,0.07703277251592242
D vs fishing_hours,44F2,31,-0.11747366417757256,0.5291052240770773
D vs fishing_hours,44F3,31,0.011919232143552972,0.949258117693875
D vs fishing_hours,44F4,31,0.12608512964304502,0.4991239833465766
D vs fishing_hours,44F5,31,-0.22163873833898573,0.23080244680780504
D vs fishing_hours,45E6,31,-0.11842507256785881,0.5257507545730126
D vs fishing_hours,45E7,31,-0.073040789514042,0.6961785103560616
D vs fishing_hours,45E8,31,-0.008659027914597906,0.9631261481310005
D vs fishing_hours,45E9,31,-0.16017292198213331,0.3893846223836118
D vs fishing_hours,45F0,31,-0.11885189636771577,0.5242492167164345
D vs fishing_hours,45F1,31,-0.33096441519803166,0.06896541538603373
D vs fishing_hours,45F2,31,0.23502925966131197,0.20311411166238674
D vs fishing_hours,45F3,31,-0.01991553247967407,0.9153137063324488
D vs fishing_hours,45F4,31,0.022150183755430333,0.9058511389364587
D vs fishing_hours,46E6,11,-0.6300493978485626,0.03773312688444198
D vs fishing_hours,46E7,31,-0.15014467986894214,0.4201263213550971
D vs fishing_hours,46E8,31,-0.24063219362622376,0.19223882073704124
D vs fishing_hours,46E9,31,-0.15800227478249476,0.3959262982362255
D vs fishing_hours,46F0,31,-0.16463858970592135,0.3761240141225878
D vs fishing_hours,46F1,31,-0.14787444026146188,0.427268304681258
D vs fishing_hours,46F2,31,0.21133010340733777,0.25377403697590944
D vs fishing_hours,46F3,31,-0.07018954873098418,0.7075097987496017
D vs fishing_hours,47E6,10,0.055061383559450505,0.8799177249206345
D vs fishing_hours,47E7,29,0.36877030916889686,0.049005776246100946
D vs fishing_hours,47E8,31,0.0013414038604320168,0.9942858462893287
D vs fishing_hours,47E9,31,-0.3952309972519485,0.027764463540068906
D vs fishing_hours,47F0,31,-0.17180047655794833,0.35541715315712163
D vs fishing_hours,47F1,31,0.07236709557560735,0.6988501953211719
D vs fishing_hours,47F2,30,-0.12053942980046142,0.5257624682812645
D vs fishing_hours,47F3,31,0.0515241099085015,0.7831103527154462
D vs fishing_hours,48E7,23,-0.22702702091004284,0.2975288927701123
D vs fishing_hours,48E8,27,0.11916919369721275,0.5538260565139097
D vs fishing_hours,48E9,31,-0.4188010577533194,0.019031516037672315
D vs fishing_hours,48F0,31,-0.11375975015799804,0.5422975991319476
D vs fishing_hours,48F1,31,0.12811095534474412,0.4921974894133997
D vs fishing_hours,48F2,31,0.08764834382679927,0.6391731285435784
D vs fishing_hours,48F3,31,0.046178688316762286,0.805157693565451
D vs fishing_hours,49E7,6,0.40776319968667973,0.422254762689832
D vs fishing_hours,49E8,26,-0.3088566050033352,0.12472818665960937
D vs fishing_hours,49E9,26,-0.15032621842396007,0.46355890403517896
D vs fishing_hours,49F0,31,0.1601737655512366,0.3893820922945407
D vs fishing_hours,49F1,31,-0.3663690025900352,0.042649304483077854
D vs fishing_hours,49F2,31,0.2019810177196407,0.2758682747342985
D vs fishing_hours,49F3,31,-0.04946657620238264,0.7915781901880956
D vs fishing_hours,50E7,6,0.5602701214927988,0.24752994421199048
D vs fishing_hours,50E8,24,0.001204721578540993,0.9955423853622138
D vs fishing_hours,50E9,29,0.4738977828415009,0.009405576212642743
D vs fishing_hours,50F0,31,-0.016838280155909165,0.9283626116149446
D vs fishing_hours,50F1,30,-0.23934065774306634,0.20272377688608226
D vs fishing_hours,50F2,31,0.046174514372174465,0.8051749689498031
D vs fishing_hours,50F3,30,-0.12395579756983532,0.514008282116764
D vs fishing_hours,51E8,26,0.44932319572468665,0.02129104139990109
D vs fishing_hours,51E9,30,-0.4682334328837559,0.009066564768783179
D vs fishing_hours,51F0,31,0.2776723872523162,0.1304315878852317
D vs fishing_hours,51F1,31,0.05445276610149929,0.7710994596503862
D vs fishing_hours,51F2,30,-0.03058356340287811,0.872540434793316
size_CV vs fishing_hours,31F1,21,0.14232179103761206,0.538284107787194
size_CV vs fishing_hours,31F2,30,0.06070509867650604,0.7499833693215842
size_CV vs fishing_hours,31F3,5,0.7552184481588549,0.1399185613241754
size_CV vs fishing_hours,32F1,31,-0.21293546997625729,0.2501010965045367
size_CV vs fishing_hours,32F2,29,0.25094693434456367,0.18915772257053803
size_CV vs fishing_hours,32F3,27,0.14767383805177953,0.462296101200803
size_CV vs fishing_hours,33F1,31,-0.3860367721454397,0.0319554051568569
size_CV vs fishing_hours,33F2,31,-0.25334531971112506,0.16908275965323025
size_CV vs fishing_hours,33F3,31,0.16469538039149154,0.37595709655640397
size_CV vs fishing_hours,33F4,31,-0.2573259911230254,0.16225805130377494
size_CV vs fishing_hours,34F1,30,-0.3910164998408508,0.03263251041762824
size_CV vs fishing_hours,34F2,31,0.016386990498856696,0.9302778942867468
size_CV vs fishing_hours,34F3,31,0.03847008918918582,0.837207948133583
size_CV vs fishing_hours,34F4,31,-0.2346213651340702,0.20392206522127154
size_CV vs fishing_hours,35F0,31,0.19843893544745875,0.2845539424255434
size_CV vs fishing_hours,35F1,30,-0.01441560364875943,0.9397323670467393
size_CV vs fishing_hours,35F2,31,0.04135956812701169,0.8251613841889722
size_CV vs fishing_hours,35F3,31,0.18634739863098215,0.3155094008169708
size_CV vs fishing_hours,35F4,31,-0.26983436933594984,0.14209762352028926
size_CV vs fishing_hours,35F5,4,0.4002235372832776,0.5997764627167225
size_CV vs fishing_hours,36F0,31,-0.11193865765145072,0.5488226307516986
size_CV vs fishing_hours,36F1,31,-0.012506067195182331,0.9467633090447128
size_CV vs fishing_hours,36F2,31,-0.16947881808620616,0.3620536863925724
size_CV vs fishing_hours,36F3,31,-0.00891489431774442,0.9620373273185121
size_CV vs fishing_hours,36F4,31,0.3329010911940153,0.06725917336455664
size_CV vs fishing_hours,36F5,31,0.19347637786920738,0.2970142911660199
size_CV vs fishing_hours,36F6,31,-0.3877482863299872,0.031138626769482872
size_CV vs fishing_hours,36F7,31,0.051317453086800566,0.7839597733446209
size_CV vs fishing_hours,36F8,3,0.8423359818573773,0.3623597569084989
size_CV vs fishing_hours,37E9,15,0.6883223890495045,0.004552750647410653
size_CV vs fishing_hours,37F0,31,0.10959474318957002,0.5572745716646301
size_CV vs fishing_hours,37F1,31,0.18380795681676254,0.32226687991036884
size_CV vs fishing_hours,37F2,31,-0.18370133266178612,0.322552549586438
size_CV vs fishing_hours,37F3,31,-0.07207281372312098,0.700018348115969
size_CV vs fishing_hours,37F4,31,0.00906696466959463,0.9613902346795851
size_CV vs fishing_hours,37F5,31,0.009712529134010908,0.9586434896283818
size_CV vs fishing_hours,37F6,31,0.055345972945585416,0.7674464550395829
size_CV vs fishing_hours,37F7,31,0.06522652315309195,0.727379521332449
size_CV vs fishing_hours,37F8,31,-0.26275784661002743,0.15326617841303736
size_CV vs fishing_hours,38E9,31,0.3637667167662818,0.044256847867076114
size_CV vs fishing_hours,38F0,31,-0.38254653499687385,0.03367493509332864
size_CV vs fishing_hours,38F1,31,0.19639680262794754,0.28964028235360706
size_CV vs fishing_hours,38F2,31,0.137685711411346,0.46013321289185927
size_CV vs fishing_hours,38F3,31,0.06746459857948155,0.7183968771926191
size_CV vs fishing_hours,38F4,31,0.2941010587293149,0.10828704464361405
size_CV vs fishing_hours,38F5,31,0.2617140996907485,0.15496549759228756
size_CV vs fishing_hours,38F6,31,-0.07547373646355639,0.6865600118844615
size_CV vs fishing_hours,38F7,31,0.042328084956530385,0.8211320981348302
size_CV vs fishing_hours,38F8,27,0.1883151658978455,0.34687624501216174
size_CV vs fishing_hours,39E8,31,0.453870452461222,0.010328665055158061
size_CV vs fishing_hours,39E9,31,0.28692385422175426,0.11758593719957731
size_CV vs fishing_hours,39F0,31,0.021605746410648944,0.9081554265730623
size_CV vs fishing_hours,39F1,31,0.12059353724607749,0.5181438983569525
size_CV vs fishing_hours,39F2,31,0.13664583825853696,0.46356102027610724
size_CV vs fishing_hours,39F3,31,0.4275718883100286,0.016427442389610237
size_CV vs fishing_hours,39F4,31,-0.13654005830228466,0.4639104635371474
size_CV vs fishing_hours,39F5,31,-0.05509508110341038,0.7684720528193028
size_CV vs fishing_hours,39F6,31,0.2381742340788072,0.1969586701874192
size_CV vs fishing_hours,39F7,31,-0.03299139308922055,0.8601466543714565
size_CV vs fishing_hours,39F8,29,0.25237251313143344,0.1865730183351238
size_CV vs fishing_hours,40E8,31,0.1413320739472081,0.44822030421739145
size_CV vs fishing_hours,40E9,31,0.06027657110075518,0.7473713950082543
size_CV vs fishing_hours,40F0,31,-0.04538040430210038,0.8084633118110022
size_CV vs fishing_hours,40F1,31,-0.23461112649896307,0.2039423742669067
size_CV vs fishing_hours,40F2,31,-0.007039778233261081,0.9700181784151435
size_CV vs fishing_hours,40F3,31,0.11039092733142872,0.5543968827306442
size_CV vs fishing_hours,40F4,31,0.05833154104743181,0.7552720709338538
size_CV vs fishing_hours,40F5,31,0.06788312838131413,0.7167211259553524
size_CV vs fishing_hours,40F6,31,0.2694101366051941,0.14274999946279154
size_CV vs fishing_hours,40F7,31,0.05352864476342015,0.7748839637852347
size_CV vs fishing_hours,41E7,31,0.2333903611384615,0.20637384649226018
size_CV vs fishing_hours,41E8,31,0.06083700352678867,0.7450995472814136
size_CV vs fishing_hours,41E9,31,-0.016267565883740856,0.9307847992765802
size_CV vs fishing_hours,41F0,31,0.3503550204270214,0.0533252488848719
size_CV vs fishing_hours,41F1,31,0.19985292120052214,0.28106588048218056
size_CV vs fishing_hours,41F2,31,0.03374680566529983,0.8569767381746112
size_CV vs fishing_hours,41F3,31,-0.34880773172478774,0.05445964086299942
size_CV vs fishing_hours,41F4,31,-0.21637278061971432,0.24235559625884806
size_CV vs fishing_hours,41F5,31,-0.029175403147120617,0.8761912487171147
size_CV vs fishing_hours,41F6,31,0.07642743636538162,0.6828026001192748
size_CV vs fishing_hours,41F7,31,0.1366820926660941,0.4634412860915348
size_CV vs fishing_hours,42E7,29,0.35478673315222564,0.05895855158789795
size_CV vs fishing_hours,42E8,30,-0.002634007693990043,0.9889783591930491
size_CV vs fishing_hours,42E9,31,0.3063368024925338,0.09372048394026775
size_CV vs fishing_hours,42F0,31,0.05643741511902365,0.7629893571882778
size_CV vs fishing_hours,42F1,31,-0.011230214458346198,0.9521879346032842
size_CV vs fishing_hours,42F2,31,0.3891236828217362,0.03049461673832668
size_CV vs fishing_hours,42F3,31,0.22878616631900253,0.21572339753657985
size_CV vs fishing_hours,42F4,31,0.27839924537432875,0.12938653567530495
size_CV vs fishing_hours,42F5,31,-0.16986121572932658,0.3609555630496565
size_CV vs fishing_hours,42F6,31,0.13782473160178574,0.4596759712267524
size_CV vs fishing_hours,42F7,31,-0.11289473472650231,0.5453924035433427
size_CV vs fishing_hours,43E8,30,0.2380935523754649,0.20515756325110324
size_CV vs fishing_hours,43E9,31,0.37982658203819636,0.03506627783210736
size_CV vs fishing_hours,43F0,31,-0.05892608537010651,0.7528544276716804
size_CV vs fishing_hours,43F1,31,0.3068931693688907,0.09309544715514262
size_CV vs fishing_hours,43F2,31,0.1260497057213304,0.4992455358457455
size_CV vs fishing_hours,43F3,31,0.17967031135159783,0.33346715732644383
size_CV vs fishing_hours,43F4,31,0.26179249078417877,0.1548374008360291
size_CV vs fishing_hours,43F5,30,-0.2290141076198405,0.22348215361594426
size_CV vs fishing_hours,43F6,31,-0.0340481162639374,0.8557129636563208
size_CV vs fishing_hours,43F7,31,-0.16736954897805123,0.36814638241314923
size_CV vs fishing_hours,44E6,31,-0.006593322911436448,0.9719188249522279
size_CV vs fishing_hours,44E7,31,0.34945661232926506,0.05398161669059295
size_CV vs fishing_hours,44E8,31,-0.030229576138682077,0.8717538095235863
size_CV vs fishing_hours,44E9,31,-0.25495246117614223,0.1663032531921866
size_CV vs fishing_hours,44F0,31,-0.016426227428124864,0.9301113566088907
size_CV vs fishing_hours,44F1,31,0.2154647775994646,0.24438593788294216
size_CV vs fishing_hours,44F2,31,0.400039571331359,0.025758225702296227
size_CV vs fishing_hours,44F3,31,-0.042407925242079765,0.8208001393369675
size_CV vs fishing_hours,44F4,31,0.438202009205355,0.013675376136184829
size_CV vs fishing_hours,44F5,31,0.013802454714587948,0.9412537692822506
size_CV vs fishing_hours,45E6,31,0.15205229685012608,0.4141768486205194
size_CV vs fishing_hours,45E7,31,0.07937998178747488,0.6712175451360809
size_CV vs fishing_hours,45E8,31,0.09886842146953721,0.5966985340592907
size_CV vs fishing_hours,45E9,31,-0.08993360941694117,0.63042481002641515
size_CV vs fishing_hours,45F0,31,-0.3044035985511336,0.0959170923052823
size_CV vs fishing_hours,45F1,31,0.20554534619686804,0.2673028511326818
size_CV vs fishing_hours,45F2,31,-3.3860807236936306e-4,0.9985575759107228
size_CV vs fishing_hours,45F3,31,0.3587587259105553,0.04748656956835844
size_CV vs fishing_hours,45F4,31,-0.3106036840160836,0.0890076596909095
size_CV vs fishing_hours,46E6,11,-0.3358859109158074,0.31255539842197483
size_CV vs fishing_hours,46E7,31,-0.14115405784342858,0.44879801261924135
size_CV vs fishing_hours,46E8,31,0.28149554514740294,0.1250036990122364
size_CV vs fishing_hours,46E9,31,-0.3595646393641021,0.046954522822779884
size_CV vs fishing_hours,46F0,31,-0.037518587939072257,0.8411829294407954
size_CV vs fishing_hours,46F1,31,0.0076988911956974646,0.9672125050173805
size_CV vs fishing_hours,46F2,31,0.20704969576983892,0.2637403164413157
size_CV vs fishing_hours,46F3,31,-0.06551516539276185,0.7262190149967112
size_CV vs fishing_hours,47E6,10,0.632493919611166,0.049717427190790794
size_CV vs fishing_hours,47E7,29,0.48717058706225336,0.0073550350059775425
size_CV vs fishing_hours,47E8,31,-0.12871488530823638,0.49014208818088
size_CV vs fishing_hours,47E9,31,0.06279491557652514,0.7371792629724823
size_CV vs fishing_hours,47F0,31,-0.06742221189989185,0.7185666609094689
size_CV vs fishing_hours,47F1,31,0.1131991037275771,0.5443025029962797
size_CV vs fishing_hours,47F2,30,0.15775723110901357,0.4050769371939724
size_CV vs fishing_hours,47F3,31,-0.05332690276217598,0.7757108242654132
size_CV vs fishing_hours,48E7,23,-0.1128839570129315,0.6080728769662704
size_CV vs fishing_hours,48E8,27,-0.03882274536403041,0.8475420780665257
size_CV vs fishing_hours,48E9,31,0.2692298900310225,0.14302783673477304
size_CV vs fishing_hours,48F0,31,0.0101518208766219,0.956774656908159
size_CV vs fishing_hours,48F1,31,0.31352638354488976,0.08588535722265972
size_CV vs fishing_hours,48F2,31,0.2479459857920681,0.1786621244641508
size_CV vs fishing_hours,48F3,31,-0.09657054151560156,0.6052978934239261
size_CV vs fishing_hours,49E7,6,0.8119358965405733,0.04972642484705077
size_CV vs fishing_hours,49E8,26,-0.07474015894250706,0.7167044624408261
size_CV vs fishing_hours,49E9,26,0.052749884516765704,0.7980108607194837
size_CV vs fishing_hours,49F0,31,0.1603128048566238,0.3889652057489299
size_CV vs fishing_hours,49F1,31,0.22617013296845137,0.2211624313846054
size_CV vs fishing_hours,49F2,31,0.24322180004626467,0.18735198879341472
size_CV vs fishing_hours,49F3,31,0.08908164205843903,0.6336806082333093
size_CV vs fishing_hours,50E7,6,0.0626906730599883,0.9060871813593397
size_CV vs fishing_hours,50E8,24,0.5135100071277554,0.010272713082192778
size_CV vs fishing_hours,50E9,29,0.013074467824479165,0.9463318802974556
size_CV vs fishing_hours,50F0,31,0.22203850199023809,0.2299408050311113
size_CV vs fishing_hours,50F1,30,0.11015501166382081,0.5622687687200186
size_CV vs fishing_hours,50F2,31,0.0840396573795148,0.6530846437932845
size_CV vs fishing_hours,50F3,30,-0.41284525990671017,0.023367353739987405
size_CV vs fishing_hours,51E8,26,-0.06809601171253578,0.7409995022531402
size_CV vs fishing_hours,51E9,30,-0.007546480457263926,0.968429638421825
size_CV vs fishing_hours,51F0,31,0.05877869043200731,0.7534535785091806
size_CV vs fishing_hours,51F1,31,-0.004113563471020309,0.9824781072782554
size_CV vs fishing_hours,51F2,30,0.14604183069854423,0.4412658501759402
